id,crop_label,soil_ph,temperature_c,soil_conductivity_dsm,moisture_paw_percent,data_origin,profile_version,generation_run_id
feb1a911-6e5c-42dd-ac6c-821f953afed9,Mango,6.73,29.0,0.94,69.4,reference_generated,reference_v1,960db350-9ee8-4235-9b3e-f185b67d7d69
d98b7bda-bd53-406c-8341-cc75cbadc0c5,Mango,6.5,25.2,3.28,69.1,reference_generated,reference_v1,960db350-9ee8-4235-9b3e-f185b67d7d69
f7441069-3110-426f-803f-409a08c05632,Mango,6.74,25.7,2.43,71.9,reference_generated,reference_v1,960db350-9ee8-4235-9b3e-f185b67d7d69
cba50870-9590-4e48-8425-9ad8a09ea275,Mango,6.13,28.1,1.98,69.7,reference_generated,reference_v1,960db350-9ee8-4235-9b3e-f185b67d7d69
94f47e9a-a6de-4270-8865-d3d8c14934ae,Mango,7.31,27.3,0.88,55.0,reference_generated,reference_v1,960db350-9ee8-4235-9b3e-f185b67d7d69
e1984eb0-fa8f-4a89-845a-b2d264a9278b,Mango,5.98,26.2,2.64,63.7,reference_generated,reference_v1,960db350-9ee8-4235-9b3e-f185b67d7d69
d34c2130-3109-472d-8777-66ddd36ef0bc,Mango,7.02,27.9,0.71,75.1,reference_generated,reference_v1,960db350-9ee8-4235-9b3e-f185b67d7d69
fceafc4d-e86e-4901-8865-6d5bbf7a80dd,Mango,6.24,26.8,2.77,73.2,reference_generated,reference_v1,960db350-9ee8-4235-9b3e-f185b67d7d69
17c2fbef-077f-424a-8a8e-9970c324af00,Mango,6.37,26.3,1.2,63.2,reference_generated,reference_v1,960db350-9ee8-4235-9b3e-f185b67d7d69
47eef487-5b09-475d-bf30-d22e4659c0de,Mango,6.94,26.4,3.82,72.9,reference_generated,reference_v1,960db350-9ee8-4235-9b3e-f185b67d7d69
4f01b0a7-cdab-4797-ad84-1b649e5333d9,Mango,7.19,28.6,1.56,61.1,reference_generated,reference_v1,960db350-9ee8-4235-9b3e-f185b67d7d69
82ab5db2-da9a-4fd7-9d72-eabc115368af,Mango,5.89,27.9,1.98,68.1,reference_generated,reference_v1,960db350-9ee8-4235-9b3e-f185b67d7d69
db389e20-9983-4d2a-b759-b557987180c2,Mango,6.69,27.7,2.44,62.3,reference_generated,reference_v1,960db350-9ee8-4235-9b3e-f185b67d7d69
f7b76ce8-ca39-46bd-86f9-e1eb9ea1ce1c,Mango,6.58,27.1,1.44,73.3,reference_generated,reference_v1,960db350-9ee8-4235-9b3e-f185b67d7d69
ff29b71e-a3b5-48bb-a767-6aebdffca8c2,Mango,6.0,26.8,3.14,65.7,reference_generated,reference_v1,960db350-9ee8-4235-9b3e-f185b67d7d69
2d314ec6-5395-48d9-8dd1-33216f42deac,Mango,6.77,25.9,2.23,67.3,reference_generated,reference_v1,960db350-9ee8-4235-9b3e-f185b67d7d69
b31db9d1-d1e1-4741-bcb8-17cf1e59bba5,Mango,6.03,28.8,0.52,55.5,reference_generated,reference_v1,960db350-9ee8-4235-9b3e-f185b67d7d69
560592c2-9529-4e73-b929-be4516e5c9ec,Mango,6.53,25.2,0.76,72.8,reference_generated,reference_v1,960db350-9ee8-4235-9b3e-f185b67d7d69
62af2ba8-065d-4d53-8fc1-3377e2dbaa9f,Mango,6.26,24.8,3.24,62.1,reference_generated,reference_v1,960db350-9ee8-4235-9b3e-f185b67d7d69
3e6b35e8-9e55-4f5c-8360-07617674072c,Mango,6.38,27.8,1.78,63.0,reference_generated,reference_v1,960db350-9ee8-4235-9b3e-f185b67d7d69
53079a04-b933-40f1-9820-e87668ffa1e7,Mango,6.34,26.4,1.96,68.5,reference_generated,reference_v1,960db350-9ee8-4235-9b3e-f185b67d7d69
af39b9d9-898e-4d04-9666-77be9f883bc4,Mango,6.89,28.8,1.76,74.0,reference_generated,reference_v1,960db350-9ee8-4235-9b3e-f185b67d7d69
9e98d7c8-4a62-49b7-a15c-5097cd0149a9,Mango,6.02,28.0,1.4,64.9,reference_generated,reference_v1,960db350-9ee8-4235-9b3e-f185b67d7d69
811c3ce5-b4fb-45f5-bd94-3b499ab8a8a4,Mango,6.65,26.8,1.96,62.1,reference_generated,reference_v1,960db350-9ee8-4235-9b3e-f185b67d7d69
1854d57d-58e2-4fad-81df-9b02a4cc71e4,Mango,6.28,28.1,1.74,63.7,reference_generated,reference_v1,960db350-9ee8-4235-9b3e-f185b67d7d69
f7a82d0c-38e3-43bb-84c9-5be39255edd9,Mango,6.36,28.5,3.74,69.1,reference_generated,reference_v1,960db350-9ee8-4235-9b3e-f185b67d7d69
f5fc1dfb-6463-44d6-ae7f-f32da6d41f16,Mango,6.69,28.4,1.85,71.3,reference_generated,reference_v1,960db350-9ee8-4235-9b3e-f185b67d7d69
68ec9f98-a364-4d0c-ab2f-201cc06a7efc,Mango,6.21,26.7,1.14,70.2,reference_generated,reference_v1,960db350-9ee8-4235-9b3e-f185b67d7d69
0d9ab5d6-3500-4851-a947-cf45e56da597,Mango,6.33,25.0,2.43,61.2,reference_generated,reference_v1,960db350-9ee8-4235-9b3e-f185b67d7d69
dde87c54-3db5-4f67-bfc0-f7f2a7a7e8c1,Mango,6.51,24.2,2.28,72.8,reference_generated,reference_v1,960db350-9ee8-4235-9b3e-f185b67d7d69
e793db68-846b-4678-a683-6196d5727eef,Mango,6.03,28.6,0.97,69.8,reference_generated,reference_v1,960db350-9ee8-4235-9b3e-f185b67d7d69
66ae486c-a197-4432-b6d8-610b81c98c86,Mango,6.29,26.9,2.76,68.3,reference_generated,reference_v1,960db350-9ee8-4235-9b3e-f185b67d7d69
697256fc-05f6-4730-8f6c-adafc342fe55,Mango,6.63,25.7,1.65,69.3,reference_generated,reference_v1,960db350-9ee8-4235-9b3e-f185b67d7d69
3a9a4292-7282-48b6-a17a-94748d94d958,Mango,5.73,27.3,0.99,68.8,reference_generated,reference_v1,960db350-9ee8-4235-9b3e-f185b67d7d69
29c8ca72-2b50-4d9e-8e48-fd56d168a995,Mango,5.89,27.5,2.14,69.6,reference_generated,reference_v1,960db350-9ee8-4235-9b3e-f185b67d7d69
cb553aeb-07b3-46b3-bcf7-fce5adcf0e2a,Mango,6.31,27.4,1.9,68.2,reference_generated,reference_v1,960db350-9ee8-4235-9b3e-f185b67d7d69
d425026e-8ed4-4622-bd28-c0309e284759,Mango,6.62,26.2,0.35,56.3,reference_generated,reference_v1,960db350-9ee8-4235-9b3e-f185b67d7d69
1dc25bd4-1403-4e4f-8b91-01b6fbe56cca,Mango,7.31,27.9,3.57,55.8,reference_generated,reference_v1,960db350-9ee8-4235-9b3e-f185b67d7d69
83fd7eb6-4477-42ac-a595-1b702ea2317d,Mango,6.3,25.4,1.59,70.9,reference_generated,reference_v1,960db350-9ee8-4235-9b3e-f185b67d7d69
ae77f76e-3596-44f8-ab0b-48e4fe88f2c1,Mango,5.84,26.4,1.76,54.8,reference_generated,reference_v1,960db350-9ee8-4235-9b3e-f185b67d7d69
4ccd5835-f36b-4a06-a24d-c550552cb987,Mango,5.78,25.7,1.9,61.4,reference_generated,reference_v1,960db350-9ee8-4235-9b3e-f185b67d7d69
b92419a1-6061-4792-8641-7880f58067f6,Mango,6.29,28.0,2.57,69.1,reference_generated,reference_v1,960db350-9ee8-4235-9b3e-f185b67d7d69
f951ea22-fc97-46c6-b980-7296008d9c6d,Mango,7.2,25.9,2.75,70.6,reference_generated,reference_v1,960db350-9ee8-4235-9b3e-f185b67d7d69
bf23f73f-6776-4098-8553-5cca2e09caaf,Mango,5.8,25.0,2.34,66.9,reference_generated,reference_v1,960db350-9ee8-4235-9b3e-f185b67d7d69
a21ff94e-0526-4b58-ad40-67184bff5619,Mango,6.32,27.4,0.35,65.4,reference_generated,reference_v1,960db350-9ee8-4235-9b3e-f185b67d7d69
ab752af7-a86a-4064-96e9-6d1dabe3eebc,Mango,6.58,27.4,0.86,60.4,reference_generated,reference_v1,960db350-9ee8-4235-9b3e-f185b67d7d69
a58f7345-4bdf-4e98-a584-3d40cb099b4a,Mango,6.14,25.3,2.58,78.8,reference_generated,reference_v1,960db350-9ee8-4235-9b3e-f185b67d7d69
ba7f8a19-f278-4874-9c56-5fc1190fa7e4,Mango,6.89,28.2,1.97,67.5,reference_generated,reference_v1,960db350-9ee8-4235-9b3e-f185b67d7d69
3afaba61-b446-4682-ba59-2d26103cd911,Mango,6.89,27.0,2.01,76.5,reference_generated,reference_v1,960db350-9ee8-4235-9b3e-f185b67d7d69
fcc8c442-8c53-49a9-9ee3-83c3de4ba65f,Mango,5.89,26.3,2.47,53.7,reference_generated,reference_v1,960db350-9ee8-4235-9b3e-f185b67d7d69
39dd9fe9-e6e0-469c-a28a-8b31806407d2,Mango,6.68,24.4,2.39,56.1,reference_generated,reference_v1,960db350-9ee8-4235-9b3e-f185b67d7d69
e4277102-10eb-4961-990c-2f89eb4585f4,Mango,6.72,27.8,2.82,63.0,reference_generated,reference_v1,960db350-9ee8-4235-9b3e-f185b67d7d69
8ef82f7e-953d-4be9-b7df-131331f4c89a,Mango,6.34,27.3,1.99,71.9,reference_generated,reference_v1,960db350-9ee8-4235-9b3e-f185b67d7d69
511d17d4-4eeb-454e-a90e-f2842ea8ea72,Mango,6.06,27.4,1.91,67.3,reference_generated,reference_v1,960db350-9ee8-4235-9b3e-f185b67d7d69
631ef800-e526-4d5b-b199-765081d0fe0d,Mango,7.04,28.0,1.87,59.8,reference_generated,reference_v1,960db350-9ee8-4235-9b3e-f185b67d7d69
3feaa844-1853-480c-93ee-047c92a5fda1,Mango,5.92,24.7,2.31,70.0,reference_generated,reference_v1,960db350-9ee8-4235-9b3e-f185b67d7d69
c26ae486-1ba1-46ba-b1f4-70266807bee2,Mango,6.17,26.4,2.84,59.9,reference_generated,reference_v1,960db350-9ee8-4235-9b3e-f185b67d7d69
0085acc0-06a0-4afd-a99c-4b34bd0823a6,Mango,6.7,28.7,2.09,60.1,reference_generated,reference_v1,960db350-9ee8-4235-9b3e-f185b67d7d69
c085e40d-b351-4d3f-a6d0-793d324d6f85,Mango,6.86,25.4,3.43,59.4,reference_generated,reference_v1,960db350-9ee8-4235-9b3e-f185b67d7d69
a2479cd9-9854-45d1-80d9-6bcf77be8a4c,Mango,7.08,27.0,1.75,64.2,reference_generated,reference_v1,960db350-9ee8-4235-9b3e-f185b67d7d69
1278a9fa-849d-47b8-9f16-bdeb94fc3441,Mango,6.08,25.1,3.63,63.1,reference_generated,reference_v1,960db350-9ee8-4235-9b3e-f185b67d7d69
cb4cb838-5f21-4950-979a-7461bc283c2d,Mango,7.0,27.8,0.98,71.8,reference_generated,reference_v1,960db350-9ee8-4235-9b3e-f185b67d7d69
1dab8c07-1bde-4653-bf60-fad415e10625,Mango,6.51,27.0,1.47,55.7,reference_generated,reference_v1,960db350-9ee8-4235-9b3e-f185b67d7d69
2c6af144-d5c9-4626-ad37-67e2658ff558,Mango,6.5,27.9,0.54,62.4,reference_generated,reference_v1,960db350-9ee8-4235-9b3e-f185b67d7d69
92500684-7e13-4217-8e1b-0c8e54f63d0b,Mango,6.36,27.6,0.89,62.6,reference_generated,reference_v1,960db350-9ee8-4235-9b3e-f185b67d7d69
6fad51fd-2842-4a7a-8e0b-7d7acb14c5f3,Mango,7.01,28.8,2.59,72.3,reference_generated,reference_v1,960db350-9ee8-4235-9b3e-f185b67d7d69
ff0b1e53-e6a9-4dc0-9343-7346830fd67b,Mango,5.84,29.1,2.03,69.4,reference_generated,reference_v1,960db350-9ee8-4235-9b3e-f185b67d7d69
dea4fa59-8289-4186-860f-c859ab93facf,Mango,5.84,24.9,2.72,73.6,reference_generated,reference_v1,960db350-9ee8-4235-9b3e-f185b67d7d69
a815e19e-e9ac-4366-b35a-c23df3285225,Mango,7.09,27.4,1.8,59.6,reference_generated,reference_v1,960db350-9ee8-4235-9b3e-f185b67d7d69
f2aa0975-5a88-4ab4-921b-c147455ffc89,Mango,6.72,28.9,0.82,74.0,reference_generated,reference_v1,960db350-9ee8-4235-9b3e-f185b67d7d69
0a4bc415-e30e-4103-9795-48a4be236c5f,Mango,7.18,26.9,1.68,67.6,reference_generated,reference_v1,960db350-9ee8-4235-9b3e-f185b67d7d69
8ce334ba-ba42-464c-809b-e55f4f95ed1f,Mango,6.89,29.4,3.19,60.8,reference_generated,reference_v1,960db350-9ee8-4235-9b3e-f185b67d7d69
5cd459ce-997d-45a9-b2ad-186fa937645d,Mango,6.27,26.6,1.51,56.9,reference_generated,reference_v1,960db350-9ee8-4235-9b3e-f185b67d7d69
462bc806-f387-4793-94d7-d391f82a19ea,Mango,6.96,28.0,2.1,74.8,reference_generated,reference_v1,960db350-9ee8-4235-9b3e-f185b67d7d69
6c9b218a-9b1f-4729-8114-1f64452f476d,Mango,6.8,29.3,2.41,60.0,reference_generated,reference_v1,960db350-9ee8-4235-9b3e-f185b67d7d69
6b56fe4c-0ebd-4dca-a529-152e4241317e,Mango,6.18,25.4,0.31,62.7,reference_generated,reference_v1,960db350-9ee8-4235-9b3e-f185b67d7d69
71b8ecf9-9a35-4ef0-bc80-6c5be1a2af09,Mango,6.43,26.8,1.89,62.3,reference_generated,reference_v1,960db350-9ee8-4235-9b3e-f185b67d7d69
77ba7ff1-4fff-434c-afb9-7961d50f023c,Mango,6.07,29.1,1.97,67.3,reference_generated,reference_v1,960db350-9ee8-4235-9b3e-f185b67d7d69
5f4f7219-b046-49c9-acbd-160092927b42,Mango,7.13,28.0,1.69,58.6,reference_generated,reference_v1,960db350-9ee8-4235-9b3e-f185b67d7d69
1a8ab9a0-c113-4863-b1f6-3bf7d6816a84,Mango,7.34,27.5,1.63,73.5,reference_generated,reference_v1,960db350-9ee8-4235-9b3e-f185b67d7d69
400b454b-1f5d-4ed0-8df3-1a17bb7e6839,Mango,7.32,28.3,2.68,63.6,reference_generated,reference_v1,960db350-9ee8-4235-9b3e-f185b67d7d69
83a1b701-5b4f-46d2-8a71-06f49ebb0c2b,Mango,5.96,27.5,0.92,76.1,reference_generated,reference_v1,960db350-9ee8-4235-9b3e-f185b67d7d69
babaf752-d413-4ef6-a82a-10e4fbaa248c,Mango,6.68,27.7,3.28,61.9,reference_generated,reference_v1,960db350-9ee8-4235-9b3e-f185b67d7d69
f387f0d7-a322-4984-8a86-03590df2e99e,Mango,7.3,27.5,3.26,70.9,reference_generated,reference_v1,960db350-9ee8-4235-9b3e-f185b67d7d69
a9f4d65d-9ffb-4179-9c53-25ae9c26e785,Mango,6.23,26.4,3.01,55.7,reference_generated,reference_v1,960db350-9ee8-4235-9b3e-f185b67d7d69
a26b82ce-c528-417c-96e5-bec19ca99825,Mango,6.85,27.2,0.5,73.9,reference_generated,reference_v1,960db350-9ee8-4235-9b3e-f185b67d7d69
231712ec-a386-408d-a550-826cc59adb43,Mango,6.0,29.4,1.39,77.0,reference_generated,reference_v1,960db350-9ee8-4235-9b3e-f185b67d7d69
59ea7d3c-6824-43ce-9748-ed7ec8fd0173,Mango,6.7,26.0,2.9,50.3,reference_generated,reference_v1,960db350-9ee8-4235-9b3e-f185b67d7d69
279795c4-3e07-43eb-b1a2-d623570305f3,Mango,6.37,28.8,2.71,64.5,reference_generated,reference_v1,960db350-9ee8-4235-9b3e-f185b67d7d69
360fdb0f-3d83-48d9-8ee8-2ccc21511d23,Mango,6.45,27.2,2.87,63.6,reference_generated,reference_v1,960db350-9ee8-4235-9b3e-f185b67d7d69
a15b5f76-8d67-42f0-97b1-50c7c7a0e971,Mango,6.77,28.2,1.68,52.2,reference_generated,reference_v1,960db350-9ee8-4235-9b3e-f185b67d7d69
e169aa29-9cef-4edc-b988-af318f67c6f2,Mango,6.5,28.4,2.05,62.9,reference_generated,reference_v1,960db350-9ee8-4235-9b3e-f185b67d7d69
31fa63dc-bfcd-47f0-9647-298db65a9d43,Mango,6.9,27.9,2.1,60.0,reference_generated,reference_v1,960db350-9ee8-4235-9b3e-f185b67d7d69
dbda3eb5-ffc8-4a01-aa21-cd6e87d70bf0,Mango,6.67,26.5,1.2,60.2,reference_generated,reference_v1,960db350-9ee8-4235-9b3e-f185b67d7d69
2650a4d5-c7e7-41a6-bea8-aaff3c885664,Mango,5.74,29.0,2.13,72.3,reference_generated,reference_v1,960db350-9ee8-4235-9b3e-f185b67d7d69
368fdb2d-5a7f-49fa-9428-26686d9e1cf3,Mango,6.61,28.2,2.0,59.9,reference_generated,reference_v1,960db350-9ee8-4235-9b3e-f185b67d7d69
c8a4badd-5deb-41a4-b963-fc98717ef595,Mango,6.87,27.4,1.25,76.0,reference_generated,reference_v1,960db350-9ee8-4235-9b3e-f185b67d7d69
5d9b721f-2558-4cfe-b49a-3ece7532ab1f,Mango,6.88,27.5,3.33,59.4,reference_generated,reference_v1,960db350-9ee8-4235-9b3e-f185b67d7d69
2aeda085-9069-4cb6-ad25-db9b4d4ebdcb,Mango,6.87,26.1,1.9,67.7,reference_generated,reference_v1,960db350-9ee8-4235-9b3e-f185b67d7d69
8188397f-894a-44d5-9396-d25e016664c2,Mango,6.79,27.9,1.43,54.5,reference_generated,reference_v1,960db350-9ee8-4235-9b3e-f185b67d7d69
9d7c04c1-e4b7-4df4-b211-5fe9d8739183,Mango,6.23,28.9,2.49,62.6,reference_generated,reference_v1,960db350-9ee8-4235-9b3e-f185b67d7d69
bc534837-463e-4f3e-befc-e427748dd982,Mango,6.48,25.7,1.65,58.7,reference_generated,reference_v1,960db350-9ee8-4235-9b3e-f185b67d7d69
04013b27-b850-43b3-b3ad-0c638f4b2121,Mango,6.28,25.8,2.5,66.1,reference_generated,reference_v1,960db350-9ee8-4235-9b3e-f185b67d7d69
ab0a283b-39e1-42a0-b198-b1c6f2676cc9,Mango,6.85,27.9,2.74,70.1,reference_generated,reference_v1,960db350-9ee8-4235-9b3e-f185b67d7d69
b0059bdb-6eae-40fc-bb78-ebe76224777f,Mango,6.61,25.9,2.86,62.2,reference_generated,reference_v1,960db350-9ee8-4235-9b3e-f185b67d7d69
c1bc8e47-b5a1-49a5-ab3d-1c2f532fa67b,Mango,6.95,26.9,2.33,53.0,reference_generated,reference_v1,960db350-9ee8-4235-9b3e-f185b67d7d69
81904f4a-2f3e-44f4-a35d-85601d922561,Mango,6.31,26.9,3.63,62.2,reference_generated,reference_v1,960db350-9ee8-4235-9b3e-f185b67d7d69
276aa28b-3db2-4a8c-b2c5-f15c16724d29,Mango,6.58,26.0,3.67,67.2,reference_generated,reference_v1,960db350-9ee8-4235-9b3e-f185b67d7d69
1da1a1bc-2210-4561-80b2-0ee50da707f2,Mango,6.33,28.5,2.18,56.9,reference_generated,reference_v1,960db350-9ee8-4235-9b3e-f185b67d7d69
c6875e99-c6f6-492c-becb-cfd1ba4c2919,Mango,7.26,28.0,3.54,67.5,reference_generated,reference_v1,960db350-9ee8-4235-9b3e-f185b67d7d69
e034b4f4-bb83-452a-a823-f11e892fe929,Mango,7.27,27.6,2.24,54.9,reference_generated,reference_v1,960db350-9ee8-4235-9b3e-f185b67d7d69
525baaa2-104f-4130-bea3-17b0d6a15ccc,Mango,5.75,26.8,1.25,59.0,reference_generated,reference_v1,960db350-9ee8-4235-9b3e-f185b67d7d69
d2612572-afb0-418b-96a5-52cae8da7264,Mango,6.07,27.9,1.05,65.7,reference_generated,reference_v1,960db350-9ee8-4235-9b3e-f185b67d7d69
724a68e3-524a-419a-87e7-09f0bc3cbdf1,Mango,5.98,24.5,2.71,62.4,reference_generated,reference_v1,960db350-9ee8-4235-9b3e-f185b67d7d69
50b3dcf3-e0f6-4e02-81ef-265781dc291d,Mango,5.66,25.4,2.62,69.7,reference_generated,reference_v1,960db350-9ee8-4235-9b3e-f185b67d7d69
667d2a4a-4d40-49b4-a155-c73ad4276cd5,Mango,7.03,27.2,3.08,51.5,reference_generated,reference_v1,960db350-9ee8-4235-9b3e-f185b67d7d69
b4500a97-5bab-4f92-ae87-7d86a28241a6,Mango,6.96,26.9,2.81,64.7,reference_generated,reference_v1,960db350-9ee8-4235-9b3e-f185b67d7d69
f95123ee-9deb-4dc3-a94d-216e3b03e8ba,Mango,6.89,27.8,1.07,62.8,reference_generated,reference_v1,960db350-9ee8-4235-9b3e-f185b67d7d69
8d96e22f-76dc-427e-a6c0-29ae576ac87f,Mango,6.7,27.0,1.37,69.1,reference_generated,reference_v1,960db350-9ee8-4235-9b3e-f185b67d7d69
5896dd37-5218-4875-9c31-a76326395240,Mango,6.68,26.1,2.44,68.2,reference_generated,reference_v1,960db350-9ee8-4235-9b3e-f185b67d7d69
142060a6-6f11-489d-be4f-e7f7c844788d,Mango,7.24,28.7,3.79,65.0,reference_generated,reference_v1,960db350-9ee8-4235-9b3e-f185b67d7d69
cb7acc1a-0536-4a84-a6e2-b8c74995059a,Mango,6.42,26.5,3.78,70.1,reference_generated,reference_v1,960db350-9ee8-4235-9b3e-f185b67d7d69
0dd1d295-0f4d-4bb0-b1ee-3c07d11d09a4,Mango,5.97,26.5,2.63,50.6,reference_generated,reference_v1,960db350-9ee8-4235-9b3e-f185b67d7d69
b8fdc3a9-9155-4314-8c70-4cf31322aa4b,Mango,6.82,29.4,1.56,56.7,reference_generated,reference_v1,960db350-9ee8-4235-9b3e-f185b67d7d69
520a1d38-398b-49c1-92c7-f314d1472533,Mango,6.59,25.0,1.35,59.0,reference_generated,reference_v1,960db350-9ee8-4235-9b3e-f185b67d7d69
8dea0cc1-4c17-47a7-8d4e-711be20eaf27,Mango,5.84,26.6,1.34,70.3,reference_generated,reference_v1,960db350-9ee8-4235-9b3e-f185b67d7d69
0f62c72a-0f24-49ef-a49c-e107bc14821a,Mango,6.23,27.4,1.07,67.0,reference_generated,reference_v1,960db350-9ee8-4235-9b3e-f185b67d7d69
ab3ef467-f6b0-47bb-9439-393005237ae7,Mango,6.71,26.5,3.55,54.3,reference_generated,reference_v1,960db350-9ee8-4235-9b3e-f185b67d7d69
6cc174d1-30c0-4fea-b608-c34d3834cb10,Mango,7.31,26.1,1.46,63.1,reference_generated,reference_v1,960db350-9ee8-4235-9b3e-f185b67d7d69
697152dc-38c5-4d28-91e7-ef1c02fb58ce,Mango,6.33,26.8,1.58,67.2,reference_generated,reference_v1,960db350-9ee8-4235-9b3e-f185b67d7d69
3c43bca8-123d-4882-aa6f-ca5ca08c5252,Mango,6.13,26.2,3.45,59.7,reference_generated,reference_v1,960db350-9ee8-4235-9b3e-f185b67d7d69
8badd310-59cc-4aa8-b129-17fd1b0cffcd,Mango,7.0,28.4,0.53,54.5,reference_generated,reference_v1,960db350-9ee8-4235-9b3e-f185b67d7d69
7e5d7593-a62d-4085-aa44-55bf0adfc9a7,Mango,6.21,24.3,2.67,61.1,reference_generated,reference_v1,960db350-9ee8-4235-9b3e-f185b67d7d69
a3339d84-de90-40bb-bdae-9cb2fb8189b1,Mango,5.71,27.4,1.48,76.1,reference_generated,reference_v1,960db350-9ee8-4235-9b3e-f185b67d7d69
35f916f1-877c-4ce8-bb09-94227954d6fe,Mango,6.8,26.4,2.05,77.7,reference_generated,reference_v1,960db350-9ee8-4235-9b3e-f185b67d7d69
c8520e5d-18b7-42e0-be37-7bcf870b019d,Mango,6.62,27.4,3.31,63.7,reference_generated,reference_v1,960db350-9ee8-4235-9b3e-f185b67d7d69
b81d48f3-d174-411f-aaeb-733e91d8500b,Mango,6.63,27.8,1.01,63.0,reference_generated,reference_v1,960db350-9ee8-4235-9b3e-f185b67d7d69
494b0911-247e-4f90-be7d-03d4aab0b0f2,Mango,6.96,25.6,1.38,67.2,reference_generated,reference_v1,960db350-9ee8-4235-9b3e-f185b67d7d69
a34193bb-06a7-4f75-bc23-bb6aead631e9,Mango,6.74,27.3,0.85,65.6,reference_generated,reference_v1,960db350-9ee8-4235-9b3e-f185b67d7d69
4b0056ec-59f3-4a03-b8bc-d68577b2480e,Mango,6.66,24.9,2.76,56.7,reference_generated,reference_v1,960db350-9ee8-4235-9b3e-f185b67d7d69
8ce4f9d2-de5f-401f-9a76-2a21704d8233,Mango,6.4,25.2,1.47,55.5,reference_generated,reference_v1,960db350-9ee8-4235-9b3e-f185b67d7d69
80330acf-d62d-42d8-ad3d-e52d3da616f5,Mango,6.11,28.0,3.51,72.5,reference_generated,reference_v1,960db350-9ee8-4235-9b3e-f185b67d7d69
28a451b2-11b5-4bad-8a6c-5042fbbcace7,Mango,5.72,26.6,1.57,55.1,reference_generated,reference_v1,960db350-9ee8-4235-9b3e-f185b67d7d69
9880dacb-29fd-49b5-9b6f-c539f5e1e560,Mango,6.77,28.8,2.6,76.0,reference_generated,reference_v1,960db350-9ee8-4235-9b3e-f185b67d7d69
fd1f609c-b949-40a7-9847-72ba6014c835,Mango,6.59,27.1,0.87,53.1,reference_generated,reference_v1,960db350-9ee8-4235-9b3e-f185b67d7d69
a63e0adb-3799-4601-8f38-3b773abe07e5,Mango,6.12,26.4,2.21,76.0,reference_generated,reference_v1,960db350-9ee8-4235-9b3e-f185b67d7d69
d78c792d-cfb7-40e8-b91f-7c4a3240d491,Mango,5.8,26.7,2.56,61.3,reference_generated,reference_v1,960db350-9ee8-4235-9b3e-f185b67d7d69
298de342-a1bf-425a-879c-782757e00023,Mango,6.43,26.4,1.83,52.5,reference_generated,reference_v1,960db350-9ee8-4235-9b3e-f185b67d7d69
6cbd9f3d-cdfb-48dc-a363-646ea2f6ae1b,Mango,6.86,26.2,1.59,71.7,reference_generated,reference_v1,960db350-9ee8-4235-9b3e-f185b67d7d69
ab30d6ae-87eb-4317-82e1-0fa6c95d6760,Mango,6.8,25.4,1.95,66.6,reference_generated,reference_v1,960db350-9ee8-4235-9b3e-f185b67d7d69
fef39ec6-0e77-496a-99dd-b222ccddd606,Mango,6.03,27.9,1.0,66.2,reference_generated,reference_v1,960db350-9ee8-4235-9b3e-f185b67d7d69
63266a4e-c3fc-4bca-9d64-57d74dfd9841,Mango,6.28,27.6,2.37,63.8,reference_generated,reference_v1,960db350-9ee8-4235-9b3e-f185b67d7d69
7c0a04c3-ba0c-4704-8c20-42a091af03cf,Mango,6.05,28.6,2.23,63.3,reference_generated,reference_v1,960db350-9ee8-4235-9b3e-f185b67d7d69
c29b47df-643a-4a7c-b2dc-0021dfa227c2,Mango,5.82,27.1,0.26,59.7,reference_generated,reference_v1,960db350-9ee8-4235-9b3e-f185b67d7d69
c4bc7d17-f042-4b3d-97a8-bacec6993836,Mango,7.29,28.5,2.4,62.8,reference_generated,reference_v1,960db350-9ee8-4235-9b3e-f185b67d7d69
1753827e-54bf-4540-ac94-3d89d218dac1,Mango,6.21,26.5,2.32,65.8,reference_generated,reference_v1,960db350-9ee8-4235-9b3e-f185b67d7d69
2b8ad116-f185-4f7e-a4db-0cd967b40c7a,Mango,7.03,26.8,2.64,54.6,reference_generated,reference_v1,960db350-9ee8-4235-9b3e-f185b67d7d69
2c2cc3ec-162c-429a-ac9b-c6105fcb88c8,Mango,6.22,28.8,1.66,70.0,reference_generated,reference_v1,960db350-9ee8-4235-9b3e-f185b67d7d69
2a1693ac-6d32-4a5e-8636-ed612053c66a,Mango,6.78,28.2,2.4,59.4,reference_generated,reference_v1,960db350-9ee8-4235-9b3e-f185b67d7d69
5397b6f9-572c-442b-8314-5b6a370638c4,Mango,6.87,28.2,0.79,52.2,reference_generated,reference_v1,960db350-9ee8-4235-9b3e-f185b67d7d69
2f205ee7-a1ba-4ee3-8f28-f052e835dea2,Mango,6.59,25.2,3.16,62.8,reference_generated,reference_v1,960db350-9ee8-4235-9b3e-f185b67d7d69
c16e8310-e93c-41b9-9d0c-553d7fa9bb6f,Mango,6.79,27.4,2.37,65.6,reference_generated,reference_v1,960db350-9ee8-4235-9b3e-f185b67d7d69
1caaae8d-cee3-4367-8b15-2da978d793f6,Mango,6.81,28.4,1.86,59.1,reference_generated,reference_v1,960db350-9ee8-4235-9b3e-f185b67d7d69
6118b19e-1719-45fe-89d6-5871a045467d,Mango,6.91,27.8,1.54,57.5,reference_generated,reference_v1,960db350-9ee8-4235-9b3e-f185b67d7d69
196c8938-f6eb-4769-9bb9-5b88eccbdf0f,Mango,5.92,28.1,2.33,55.1,reference_generated,reference_v1,960db350-9ee8-4235-9b3e-f185b67d7d69
76f7cbed-6755-436c-bb3c-9690b727f94a,Mango,6.01,28.7,2.65,62.1,reference_generated,reference_v1,960db350-9ee8-4235-9b3e-f185b67d7d69
75c0aa85-754b-47ea-9339-0c5aa72fe26c,Mango,7.42,25.4,1.06,56.5,reference_generated,reference_v1,960db350-9ee8-4235-9b3e-f185b67d7d69
d20b0700-5933-4f27-8316-5144261f9fe2,Mango,5.7,26.4,3.19,58.9,reference_generated,reference_v1,960db350-9ee8-4235-9b3e-f185b67d7d69
f38e6a05-bacc-4fd2-9369-42fb475ac957,Mango,6.07,28.8,2.15,57.9,reference_generated,reference_v1,960db350-9ee8-4235-9b3e-f185b67d7d69
a50b758a-aa10-44ef-a1ee-2e55a8b883a1,Mango,6.68,27.7,1.82,55.3,reference_generated,reference_v1,960db350-9ee8-4235-9b3e-f185b67d7d69
9d77141c-f684-45dc-9e60-e28e6e887847,Mango,6.72,24.5,0.65,73.8,reference_generated,reference_v1,960db350-9ee8-4235-9b3e-f185b67d7d69
c7f35079-73d1-47a2-9744-e8586c4b2fe6,Mango,7.01,24.7,3.36,61.7,reference_generated,reference_v1,960db350-9ee8-4235-9b3e-f185b67d7d69
12d9e5b0-c508-434e-96a9-15e97ccb37de,Mango,6.82,26.6,1.84,75.4,reference_generated,reference_v1,960db350-9ee8-4235-9b3e-f185b67d7d69
031a5295-d5a5-4a1d-9536-15dfca2b5d84,Mango,7.09,27.4,2.19,60.5,reference_generated,reference_v1,960db350-9ee8-4235-9b3e-f185b67d7d69
8bd75404-175b-4c55-bf90-f081b15a7c0b,Mango,6.09,26.0,1.98,70.2,reference_generated,reference_v1,960db350-9ee8-4235-9b3e-f185b67d7d69
2c2ffef1-1995-4b31-adbd-2f692abfbf0e,Mango,5.61,26.8,0.61,72.3,reference_generated,reference_v1,960db350-9ee8-4235-9b3e-f185b67d7d69
2e7665eb-1d40-44d8-81da-6211180a5019,Mango,7.05,25.7,2.98,74.4,reference_generated,reference_v1,960db350-9ee8-4235-9b3e-f185b67d7d69
5fe24101-f21e-44e2-b03d-b66812f3ec35,Mango,6.29,27.0,2.17,66.7,reference_generated,reference_v1,960db350-9ee8-4235-9b3e-f185b67d7d69
2104cba5-3f61-43d3-83c3-d3564792003a,Mango,6.03,24.7,1.41,61.6,reference_generated,reference_v1,960db350-9ee8-4235-9b3e-f185b67d7d69
0541f69a-2f09-4d1f-b854-76f659ba2769,Mango,7.12,28.0,2.25,66.4,reference_generated,reference_v1,960db350-9ee8-4235-9b3e-f185b67d7d69
d561c30e-5ae6-4bf5-9a05-a4e8097ca0ce,Mango,6.13,27.3,1.47,66.1,reference_generated,reference_v1,960db350-9ee8-4235-9b3e-f185b67d7d69
d278c0c7-529e-49ce-b4b6-11ffa258db23,Mango,6.16,27.7,1.96,59.0,reference_generated,reference_v1,960db350-9ee8-4235-9b3e-f185b67d7d69
996551d8-a84c-411f-a58a-dafb6dfb11d8,Mango,6.61,24.7,2.58,63.8,reference_generated,reference_v1,960db350-9ee8-4235-9b3e-f185b67d7d69
e058d8b5-cfb2-4b0a-acd5-3712770b0004,Mango,6.86,26.4,1.42,59.0,reference_generated,reference_v1,960db350-9ee8-4235-9b3e-f185b67d7d69
310d4214-4a5b-42af-8585-2b50ca902f1e,Mango,6.5,29.0,2.07,73.9,reference_generated,reference_v1,960db350-9ee8-4235-9b3e-f185b67d7d69
22fe78be-455a-4cf5-910d-62710a1eb3ee,Mango,7.06,26.7,3.29,53.0,reference_generated,reference_v1,960db350-9ee8-4235-9b3e-f185b67d7d69
469b0fcb-2f8a-49bb-8b8c-b2fd66d03e57,Mango,5.96,28.3,1.4,65.4,reference_generated,reference_v1,960db350-9ee8-4235-9b3e-f185b67d7d69
e98c9b67-ace3-402b-9a72-2245585dc6d9,Mango,6.95,27.0,1.4,57.6,reference_generated,reference_v1,960db350-9ee8-4235-9b3e-f185b67d7d69
57f34011-672d-4fc0-8c34-796725a3ec18,Mango,7.13,26.0,1.77,66.2,reference_generated,reference_v1,960db350-9ee8-4235-9b3e-f185b67d7d69
cc7b510b-e42e-421d-a8db-295768953c15,Mango,6.63,29.6,0.67,61.8,reference_generated,reference_v1,960db350-9ee8-4235-9b3e-f185b67d7d69
1a663483-7037-462b-b088-fab62a0064e3,Mango,6.71,27.8,3.5,62.0,reference_generated,reference_v1,960db350-9ee8-4235-9b3e-f185b67d7d69
9641027d-bb52-4822-a35f-39d592f6d5ee,Mango,5.97,29.2,1.1,61.5,reference_generated,reference_v1,960db350-9ee8-4235-9b3e-f185b67d7d69
57b3bf89-d4ec-4d16-a0be-7339517fea62,Mango,7.42,25.6,3.56,62.1,reference_generated,reference_v1,960db350-9ee8-4235-9b3e-f185b67d7d69
7e51e463-ed31-4b52-9cbc-44dd2b3a044d,Mango,6.17,25.1,0.9,67.9,reference_generated,reference_v1,960db350-9ee8-4235-9b3e-f185b67d7d69
1af2201b-c6cd-4ee9-9f39-7fdc4e2433fa,Mango,6.4,27.9,2.05,66.0,reference_generated,reference_v1,960db350-9ee8-4235-9b3e-f185b67d7d69
153782a2-6c0b-4f68-a82a-8f06fc5a6414,Mango,7.15,27.3,2.34,72.5,reference_generated,reference_v1,960db350-9ee8-4235-9b3e-f185b67d7d69
ffed00f1-6f1e-4183-953c-0c6d4f2444af,Mango,6.12,26.9,2.29,59.6,reference_generated,reference_v1,960db350-9ee8-4235-9b3e-f185b67d7d69
5381e0f3-c282-4aca-a6a5-a37d234af856,Mango,6.56,28.0,2.84,65.9,reference_generated,reference_v1,960db350-9ee8-4235-9b3e-f185b67d7d69
b6ea74a6-ac4d-421b-a852-4379cf30063e,Mango,6.01,26.5,2.01,69.2,reference_generated,reference_v1,960db350-9ee8-4235-9b3e-f185b67d7d69
4a50fae5-52cd-4cc4-ae58-6930f5b831c3,Mango,6.83,25.8,1.72,61.4,reference_generated,reference_v1,960db350-9ee8-4235-9b3e-f185b67d7d69
8be47b9b-0c72-45db-a554-c116562d132a,Mango,7.11,25.5,2.58,75.9,reference_generated,reference_v1,960db350-9ee8-4235-9b3e-f185b67d7d69
63724efa-964f-4da0-bf62-8ce7ca182392,Mango,5.98,27.2,2.55,65.8,reference_generated,reference_v1,960db350-9ee8-4235-9b3e-f185b67d7d69
fbea641e-5552-43b4-8fbf-d07ffaedc3da,Mango,5.74,25.7,1.93,72.6,reference_generated,reference_v1,960db350-9ee8-4235-9b3e-f185b67d7d69
723e89f4-7b81-453a-8d01-bb5bf10b7fb5,Mango,5.56,28.7,3.07,62.7,reference_generated,reference_v1,960db350-9ee8-4235-9b3e-f185b67d7d69
463ead23-7bca-4e0a-b304-29f0c4f9480c,Mango,6.14,28.0,1.95,52.4,reference_generated,reference_v1,960db350-9ee8-4235-9b3e-f185b67d7d69
93a0b487-e176-4f3e-9e92-02b208c0935e,Mango,6.49,28.2,2.08,72.5,reference_generated,reference_v1,960db350-9ee8-4235-9b3e-f185b67d7d69
b5c39c8e-ff8e-4ede-ba12-9aeebd926a4a,Mango,7.26,28.9,2.59,64.2,reference_generated,reference_v1,960db350-9ee8-4235-9b3e-f185b67d7d69
ec3f4f4a-53c7-4bf2-9afc-cd58cc56d6ab,Mango,6.64,27.7,3.06,74.1,reference_generated,reference_v1,960db350-9ee8-4235-9b3e-f185b67d7d69
e6bfccc8-c5f5-4d8b-aff9-76d96cf03cb5,Mango,6.61,26.2,1.27,63.5,reference_generated,reference_v1,960db350-9ee8-4235-9b3e-f185b67d7d69
c9cefaf7-33c6-4f3b-9421-91866d937b3f,Mango,6.97,25.3,1.49,71.9,reference_generated,reference_v1,960db350-9ee8-4235-9b3e-f185b67d7d69
cbcc99d3-9af1-43be-82c5-b844f3ad063e,Mango,6.68,27.1,2.87,78.6,reference_generated,reference_v1,960db350-9ee8-4235-9b3e-f185b67d7d69
d2bfa7be-c9ef-4543-8dc6-9e6910e4c77c,Mango,6.26,25.4,2.88,64.0,reference_generated,reference_v1,960db350-9ee8-4235-9b3e-f185b67d7d69
0d7c112e-8aaa-4a57-a63d-2545b1de540e,Mango,6.15,25.7,2.84,63.2,reference_generated,reference_v1,960db350-9ee8-4235-9b3e-f185b67d7d69
3c649523-121c-48b6-a525-3dcd0e6c39f8,Mango,6.96,25.3,1.2,68.8,reference_generated,reference_v1,960db350-9ee8-4235-9b3e-f185b67d7d69
56d85822-51ef-4e11-be14-327d02a2562d,Mango,6.9,27.9,2.1,64.3,reference_generated,reference_v1,960db350-9ee8-4235-9b3e-f185b67d7d69
0b439c10-1804-48d7-8c57-667965a10713,Mango,5.84,26.4,0.76,59.0,reference_generated,reference_v1,960db350-9ee8-4235-9b3e-f185b67d7d69
54351417-7f10-425e-bdc0-958e4b3fe2fb,Mango,6.61,27.0,0.99,66.1,reference_generated,reference_v1,960db350-9ee8-4235-9b3e-f185b67d7d69
d87bc8e4-b44a-4749-a084-8a6940f60c29,Mango,6.22,25.7,3.07,65.0,reference_generated,reference_v1,960db350-9ee8-4235-9b3e-f185b67d7d69
fff2077b-922d-4afc-aba7-faececdc59ac,Mango,7.1,26.1,3.56,67.1,reference_generated,reference_v1,960db350-9ee8-4235-9b3e-f185b67d7d69
aabccd01-f722-4539-9fb7-70a57864e6eb,Mango,5.98,28.0,2.56,74.9,reference_generated,reference_v1,960db350-9ee8-4235-9b3e-f185b67d7d69
6d4b7429-6913-478e-9e29-3c421557e4c7,Mango,6.95,25.0,2.03,64.8,reference_generated,reference_v1,960db350-9ee8-4235-9b3e-f185b67d7d69
a6af823f-d979-44f0-8869-2b977978bc52,Mango,7.26,28.0,1.53,58.1,reference_generated,reference_v1,960db350-9ee8-4235-9b3e-f185b67d7d69
d2fac5f6-ae71-4488-8a97-ce6a5f167627,Mango,6.25,28.5,0.53,79.1,reference_generated,reference_v1,960db350-9ee8-4235-9b3e-f185b67d7d69
8cf1d590-83bc-4de1-94b3-1dc4b84da4fd,Mango,6.42,27.9,3.59,53.9,reference_generated,reference_v1,960db350-9ee8-4235-9b3e-f185b67d7d69
7ac04fe4-50cb-40f5-81df-c39f2cdcac10,Mango,6.62,25.8,2.93,69.3,reference_generated,reference_v1,960db350-9ee8-4235-9b3e-f185b67d7d69
ad7f8d18-348e-428f-a7e8-80d919832a39,Mango,6.58,26.4,1.33,58.2,reference_generated,reference_v1,960db350-9ee8-4235-9b3e-f185b67d7d69
8b335ad4-61ea-4d2c-85a6-2a68b7191b0e,Mango,5.81,25.7,2.42,72.4,reference_generated,reference_v1,960db350-9ee8-4235-9b3e-f185b67d7d69
3854b60b-8c30-4fc9-b31d-48d20a33b49a,Mango,6.25,26.5,0.83,73.0,reference_generated,reference_v1,960db350-9ee8-4235-9b3e-f185b67d7d69
7632768d-1640-4ee0-9cf7-cf9e43bd2e78,Mango,6.99,27.4,2.19,59.9,reference_generated,reference_v1,960db350-9ee8-4235-9b3e-f185b67d7d69
1cc8d64a-e42f-4b9a-a9f2-5d9cafeae3da,Mango,6.45,27.7,2.87,69.9,reference_generated,reference_v1,960db350-9ee8-4235-9b3e-f185b67d7d69
0a690a17-7edc-4a5a-9a58-18c5d8b43f42,Mango,7.17,27.5,2.05,58.1,reference_generated,reference_v1,960db350-9ee8-4235-9b3e-f185b67d7d69
fb45c15c-90cc-46a9-9052-0e78e95d5260,Mango,6.88,26.2,2.32,56.7,reference_generated,reference_v1,960db350-9ee8-4235-9b3e-f185b67d7d69
20a83d3b-3655-4e88-820a-3e14a054dc81,Mango,6.29,25.8,1.35,53.9,reference_generated,reference_v1,960db350-9ee8-4235-9b3e-f185b67d7d69
1cec50c8-8c63-44fe-9e23-d98f0719e2c8,Mango,6.18,28.7,3.38,67.7,reference_generated,reference_v1,960db350-9ee8-4235-9b3e-f185b67d7d69
6fe3a741-5762-4fde-8eb1-337ed3d54fab,Mango,5.91,27.7,2.98,70.9,reference_generated,reference_v1,960db350-9ee8-4235-9b3e-f185b67d7d69
e9b24382-f8ae-4770-9d99-fcd6b0fdcece,Mango,5.92,28.6,1.81,69.5,reference_generated,reference_v1,960db350-9ee8-4235-9b3e-f185b67d7d69
f7509879-00ac-4a45-94cc-232ace6f5fe7,Mango,6.44,28.0,1.53,60.9,reference_generated,reference_v1,960db350-9ee8-4235-9b3e-f185b67d7d69
c45e4c18-d27d-4c4c-b2f9-9fc393722b7d,Mango,6.38,25.0,3.32,57.4,reference_generated,reference_v1,960db350-9ee8-4235-9b3e-f185b67d7d69
d21888e8-93f2-4130-b41e-ef59034b990c,Mango,6.4,28.6,2.5,55.9,reference_generated,reference_v1,960db350-9ee8-4235-9b3e-f185b67d7d69
90e40c81-e8a7-436f-a8e3-6fbdfa799c64,Mango,6.9,26.7,2.02,66.9,reference_generated,reference_v1,960db350-9ee8-4235-9b3e-f185b67d7d69
e7d44e09-28c0-4f88-b063-68cb993d4d77,Mango,6.58,29.0,0.85,77.4,reference_generated,reference_v1,960db350-9ee8-4235-9b3e-f185b67d7d69
37e9a522-f012-46c9-9731-0b592f1e1d19,Mango,6.92,26.3,1.52,73.4,reference_generated,reference_v1,960db350-9ee8-4235-9b3e-f185b67d7d69
ef9b04b3-524e-4ffc-b579-4950ba4578c6,Mango,6.55,29.9,3.18,72.8,reference_generated,reference_v1,960db350-9ee8-4235-9b3e-f185b67d7d69
b0f59ade-6287-4dc9-9e1e-560b83677100,Mango,6.43,27.2,0.43,67.2,reference_generated,reference_v1,960db350-9ee8-4235-9b3e-f185b67d7d69
6c6d2e02-3112-49a4-b4af-07ccbd801513,Mango,6.49,26.8,0.55,78.4,reference_generated,reference_v1,960db350-9ee8-4235-9b3e-f185b67d7d69
86094717-68d9-46cf-8efd-9fd31255fefa,Mango,6.23,28.2,1.58,55.2,reference_generated,reference_v1,960db350-9ee8-4235-9b3e-f185b67d7d69
c81c8af2-a391-4896-a11b-09baaf7bd2e1,Mango,7.18,25.1,1.76,68.2,reference_generated,reference_v1,960db350-9ee8-4235-9b3e-f185b67d7d69
969c40d2-ead0-4ec9-97bf-c0657660be5f,Mango,6.24,25.5,3.2,73.4,reference_generated,reference_v1,960db350-9ee8-4235-9b3e-f185b67d7d69
ee1ea7a2-dce9-4b37-9871-be7835d3c721,Mango,6.69,27.9,1.62,55.9,reference_generated,reference_v1,960db350-9ee8-4235-9b3e-f185b67d7d69
51ebbf24-63c2-4f8c-88d1-e04648acf4c0,Mango,6.18,27.4,2.52,64.6,reference_generated,reference_v1,960db350-9ee8-4235-9b3e-f185b67d7d69
9673575a-3869-4f1e-aa28-1a732d9f8658,Rice,6.24,26.0,1.04,86.7,reference_generated,reference_v1,960db350-9ee8-4235-9b3e-f185b67d7d69
5965cbf5-0b28-4cd9-b3b5-248e73fa26d5,Rice,6.01,27.6,2.01,92.6,reference_generated,reference_v1,960db350-9ee8-4235-9b3e-f185b67d7d69
041bb55d-dda9-450d-8b73-72155cfc552f,Rice,5.76,27.4,0.47,83.1,reference_generated,reference_v1,960db350-9ee8-4235-9b3e-f185b67d7d69
d7b29f5b-9c82-4921-82e7-e7ff48ac18d8,Rice,6.83,23.3,1.02,87.6,reference_generated,reference_v1,960db350-9ee8-4235-9b3e-f185b67d7d69
664b839d-a2c3-4787-a0af-cac3e31df925,Rice,5.91,22.0,1.02,80.8,reference_generated,reference_v1,960db350-9ee8-4235-9b3e-f185b67d7d69
ce75367f-5ad7-4c22-86a1-3b19e72819be,Rice,5.99,24.6,2.04,98.2,reference_generated,reference_v1,960db350-9ee8-4235-9b3e-f185b67d7d69
bce13da6-1b30-46e0-b5f7-265dc1a10046,Rice,6.05,26.2,2.12,77.7,reference_generated,reference_v1,960db350-9ee8-4235-9b3e-f185b67d7d69
c675516e-a831-44b9-8b2b-49323c327425,Rice,6.15,28.1,2.16,83.4,reference_generated,reference_v1,960db350-9ee8-4235-9b3e-f185b67d7d69
174445da-f4ac-4086-9bd8-36940fe1ed4b,Rice,6.37,22.4,0.33,82.2,reference_generated,reference_v1,960db350-9ee8-4235-9b3e-f185b67d7d69
a289aec6-abcd-462e-8dca-5557a5020b66,Rice,6.57,21.1,1.21,98.1,reference_generated,reference_v1,960db350-9ee8-4235-9b3e-f185b67d7d69
82e84182-ddda-459a-894f-4693ed01f2c0,Rice,6.61,22.5,1.41,87.1,reference_generated,reference_v1,960db350-9ee8-4235-9b3e-f185b67d7d69
8e70df63-f9dc-4e3f-bc7c-a7ec3aa56e94,Rice,6.87,21.1,2.8,82.3,reference_generated,reference_v1,960db350-9ee8-4235-9b3e-f185b67d7d69
d44613cd-4fa5-40c3-9f82-a2c79fac7456,Rice,6.37,26.3,1.73,91.0,reference_generated,reference_v1,960db350-9ee8-4235-9b3e-f185b67d7d69
1cd86d7c-167b-4bca-88d8-c5ccafbbef0b,Rice,6.82,26.0,1.84,96.2,reference_generated,reference_v1,960db350-9ee8-4235-9b3e-f185b67d7d69
ba12d16a-c153-4d7c-87ab-fcebabf2bf93,Rice,6.12,27.1,1.35,87.0,reference_generated,reference_v1,960db350-9ee8-4235-9b3e-f185b67d7d69
95d6da9a-9734-46a4-b354-88b814426446,Rice,6.29,22.6,2.45,80.1,reference_generated,reference_v1,960db350-9ee8-4235-9b3e-f185b67d7d69
7d0e090e-72d4-43db-8b67-c90c6abe4c12,Rice,6.21,27.4,2.03,81.6,reference_generated,reference_v1,960db350-9ee8-4235-9b3e-f185b67d7d69
79bfc084-bd8a-4998-98d8-5af34b3125ef,Rice,6.56,22.8,1.5,94.6,reference_generated,reference_v1,960db350-9ee8-4235-9b3e-f185b67d7d69
60b174a0-0e25-4792-af39-a5b0bbcef7dc,Rice,6.0,26.5,2.01,93.0,reference_generated,reference_v1,960db350-9ee8-4235-9b3e-f185b67d7d69
02ffb98c-9889-45fa-8b12-85ef17bdfe95,Rice,6.68,29.5,1.83,83.5,reference_generated,reference_v1,960db350-9ee8-4235-9b3e-f185b67d7d69
cd4996b8-f4e8-4232-945b-38e6eec8b81d,Rice,6.17,22.5,2.38,85.7,reference_generated,reference_v1,960db350-9ee8-4235-9b3e-f185b67d7d69
d25c310c-21e6-4883-bdcd-902f308179c9,Rice,6.29,23.1,2.17,90.0,reference_generated,reference_v1,960db350-9ee8-4235-9b3e-f185b67d7d69
1c392caf-7458-4a9e-9ef6-201b83a9cceb,Rice,5.99,23.1,0.92,92.5,reference_generated,reference_v1,960db350-9ee8-4235-9b3e-f185b67d7d69
1b9cbeb5-c184-47df-a9c2-bc21df9b9d57,Rice,6.17,23.5,2.08,90.8,reference_generated,reference_v1,960db350-9ee8-4235-9b3e-f185b67d7d69
188c651d-b245-4cbc-835b-f05ddf0b56bc,Rice,6.12,22.9,1.15,92.1,reference_generated,reference_v1,960db350-9ee8-4235-9b3e-f185b67d7d69
45a08131-596e-4ecb-a8c4-31bf1ab4b85e,Rice,6.35,23.8,1.42,82.6,reference_generated,reference_v1,960db350-9ee8-4235-9b3e-f185b67d7d69
2188ae64-f4ec-4fb6-8e0e-7f85ee013446,Rice,5.75,24.4,2.27,94.6,reference_generated,reference_v1,960db350-9ee8-4235-9b3e-f185b67d7d69
eec34461-e873-4440-abfc-5c0c53ecfb70,Rice,6.23,26.7,1.69,98.6,reference_generated,reference_v1,960db350-9ee8-4235-9b3e-f185b67d7d69
730a9de3-377e-467a-9f04-fd00e271c856,Rice,6.33,27.5,1.28,89.8,reference_generated,reference_v1,960db350-9ee8-4235-9b3e-f185b67d7d69
08c959cc-a45a-4ec4-80f3-61abfff89ff8,Rice,6.11,27.1,0.9,87.4,reference_generated,reference_v1,960db350-9ee8-4235-9b3e-f185b67d7d69
e87413ef-f269-4721-b290-d2c58e7c6a9b,Rice,6.68,25.3,1.76,78.1,reference_generated,reference_v1,960db350-9ee8-4235-9b3e-f185b67d7d69
4342222b-5d43-441b-8c89-42fe2d068a73,Rice,6.49,21.2,1.08,85.8,reference_generated,reference_v1,960db350-9ee8-4235-9b3e-f185b67d7d69
ee669599-deca-4154-b36d-9bb4e2dde6af,Rice,6.59,29.1,1.56,94.4,reference_generated,reference_v1,960db350-9ee8-4235-9b3e-f185b67d7d69
5f7553f7-b9d9-4638-915d-a14474dc2a8a,Rice,5.91,25.4,2.42,91.0,reference_generated,reference_v1,960db350-9ee8-4235-9b3e-f185b67d7d69
cca2bff6-bb2f-49cc-8639-131851e16af7,Rice,6.29,24.9,0.72,93.3,reference_generated,reference_v1,960db350-9ee8-4235-9b3e-f185b67d7d69
a4e86a5d-5815-43dc-8a1f-b5c48b1e671a,Rice,5.6,27.6,1.13,87.1,reference_generated,reference_v1,960db350-9ee8-4235-9b3e-f185b67d7d69
a6ec1ea1-9f02-431a-9c0c-9466bb0a713f,Rice,5.99,24.4,2.41,94.7,reference_generated,reference_v1,960db350-9ee8-4235-9b3e-f185b67d7d69
62a3c88e-4f75-4983-bf6a-f9b6e86c32a9,Rice,6.66,25.4,1.15,84.9,reference_generated,reference_v1,960db350-9ee8-4235-9b3e-f185b67d7d69
6c306545-d5ec-432d-a1a5-8a5032f0f899,Rice,5.85,26.5,0.85,96.0,reference_generated,reference_v1,960db350-9ee8-4235-9b3e-f185b67d7d69
bbf2bd3e-81ec-4e85-a45c-14d3805af722,Rice,6.33,27.9,1.22,91.4,reference_generated,reference_v1,960db350-9ee8-4235-9b3e-f185b67d7d69
b87f88fa-8493-4339-b6b5-86f50aef7510,Rice,5.83,24.4,2.27,85.8,reference_generated,reference_v1,960db350-9ee8-4235-9b3e-f185b67d7d69
0c9a61b7-45e1-456e-8755-625436295e97,Rice,5.72,25.7,1.57,76.5,reference_generated,reference_v1,960db350-9ee8-4235-9b3e-f185b67d7d69
2f69ec02-ebdb-49dc-a029-8f3c6d0794a8,Rice,6.58,28.3,1.05,94.2,reference_generated,reference_v1,960db350-9ee8-4235-9b3e-f185b67d7d69
cd19838f-f12f-4259-a576-77a7c4a4a832,Rice,6.24,25.4,1.9,88.9,reference_generated,reference_v1,960db350-9ee8-4235-9b3e-f185b67d7d69
3586e9f8-4a38-4a78-900d-9e9826ae122b,Rice,5.65,24.4,2.43,86.2,reference_generated,reference_v1,960db350-9ee8-4235-9b3e-f185b67d7d69
2791b54d-9cdb-4f3f-a793-70a411f95280,Rice,5.64,25.7,1.4,87.3,reference_generated,reference_v1,960db350-9ee8-4235-9b3e-f185b67d7d69
c73fa3cb-53be-4b18-b604-c76393337646,Rice,6.3,23.8,0.92,78.4,reference_generated,reference_v1,960db350-9ee8-4235-9b3e-f185b67d7d69
7f13fbdc-b960-46ca-90ae-07d8dcd7f95c,Rice,6.53,26.3,1.92,81.4,reference_generated,reference_v1,960db350-9ee8-4235-9b3e-f185b67d7d69
86c601bd-d60c-486e-8fcb-5a43c75c718d,Rice,5.99,26.3,1.37,95.4,reference_generated,reference_v1,960db350-9ee8-4235-9b3e-f185b67d7d69
2b735db7-b3ce-40f1-af36-76d4839d4268,Rice,6.52,26.7,0.97,95.8,reference_generated,reference_v1,960db350-9ee8-4235-9b3e-f185b67d7d69
239f8443-16d2-44cc-aefa-ef5603c8dbf2,Rice,6.35,22.8,0.95,80.2,reference_generated,reference_v1,960db350-9ee8-4235-9b3e-f185b67d7d69
386fffc7-3709-4d5b-b071-ccd686483584,Rice,6.14,25.2,1.09,89.9,reference_generated,reference_v1,960db350-9ee8-4235-9b3e-f185b67d7d69
9695d067-f3b1-4c06-a231-1de0e70fcc99,Rice,6.35,26.5,2.0,89.0,reference_generated,reference_v1,960db350-9ee8-4235-9b3e-f185b67d7d69
6bca3225-55b9-4153-b708-9ec5d875993d,Rice,5.86,26.1,1.64,92.5,reference_generated,reference_v1,960db350-9ee8-4235-9b3e-f185b67d7d69
06b24e43-9976-45b6-b25a-a3e049ecd109,Rice,6.21,25.7,2.51,84.7,reference_generated,reference_v1,960db350-9ee8-4235-9b3e-f185b67d7d69
20ebf577-2f4f-4c85-84a8-2872fde7b516,Rice,5.96,26.4,2.32,92.9,reference_generated,reference_v1,960db350-9ee8-4235-9b3e-f185b67d7d69
5e168f1e-5f65-4308-83e7-36f78c36cc9d,Rice,6.17,22.6,0.89,93.3,reference_generated,reference_v1,960db350-9ee8-4235-9b3e-f185b67d7d69
67b605c1-787d-482a-8a82-447e0cc1f65c,Rice,6.06,23.9,0.75,92.7,reference_generated,reference_v1,960db350-9ee8-4235-9b3e-f185b67d7d69
5e542efd-d22f-4a3e-915a-a2f084353280,Rice,5.81,23.3,0.78,95.2,reference_generated,reference_v1,960db350-9ee8-4235-9b3e-f185b67d7d69
fd24f4e0-81ce-4a42-bbe8-ec11bfda756a,Rice,6.42,25.0,1.23,83.3,reference_generated,reference_v1,960db350-9ee8-4235-9b3e-f185b67d7d69
ecf99098-2e69-493f-b6fa-51dfb28870d1,Rice,6.83,27.8,2.23,93.3,reference_generated,reference_v1,960db350-9ee8-4235-9b3e-f185b67d7d69
f4acd203-6e14-43d0-be1b-5a39e064516b,Rice,6.45,23.0,2.74,80.5,reference_generated,reference_v1,960db350-9ee8-4235-9b3e-f185b67d7d69
4294bb11-0668-44e0-b1af-f4652ce35227,Rice,6.28,25.4,1.77,93.3,reference_generated,reference_v1,960db350-9ee8-4235-9b3e-f185b67d7d69
e505061b-e2b6-4556-8592-e73dc972c5e7,Rice,6.42,23.4,0.96,92.8,reference_generated,reference_v1,960db350-9ee8-4235-9b3e-f185b67d7d69
b31f9099-4bda-46f3-8a8c-73692b2a2077,Rice,6.67,22.5,2.06,89.6,reference_generated,reference_v1,960db350-9ee8-4235-9b3e-f185b67d7d69
9bd6c700-6ac3-4ec1-8539-3801def100d2,Rice,6.8,25.5,2.08,84.7,reference_generated,reference_v1,960db350-9ee8-4235-9b3e-f185b67d7d69
26518f0a-4c9d-40d3-a788-0dd4eb82fe37,Rice,6.18,22.5,2.45,84.4,reference_generated,reference_v1,960db350-9ee8-4235-9b3e-f185b67d7d69
e4e46f0f-184f-4cc5-b518-398e87d59ffb,Rice,6.08,25.4,1.54,91.1,reference_generated,reference_v1,960db350-9ee8-4235-9b3e-f185b67d7d69
18f9946b-87a8-4e1b-b71f-3ede8c843e80,Rice,6.31,26.1,0.29,79.1,reference_generated,reference_v1,960db350-9ee8-4235-9b3e-f185b67d7d69
d2f9d0d4-6f79-4dbe-a73f-0cf4247e8796,Rice,5.96,23.0,0.39,82.5,reference_generated,reference_v1,960db350-9ee8-4235-9b3e-f185b67d7d69
3723006a-969e-4144-abde-03fd39244dad,Rice,5.78,25.0,1.03,92.5,reference_generated,reference_v1,960db350-9ee8-4235-9b3e-f185b67d7d69
c763d6ad-38f3-4a09-99b4-b5cd00708ced,Rice,6.41,28.7,1.15,82.9,reference_generated,reference_v1,960db350-9ee8-4235-9b3e-f185b67d7d69
dfe1de31-3e9d-4137-8534-ec7a5db830f3,Rice,6.43,21.0,2.21,86.8,reference_generated,reference_v1,960db350-9ee8-4235-9b3e-f185b67d7d69
14977ac7-8273-4890-b115-9c7b9f552291,Rice,5.81,24.3,0.85,91.7,reference_generated,reference_v1,960db350-9ee8-4235-9b3e-f185b67d7d69
7b2e2cee-e6e2-4e60-8aef-5c8e2f6000fc,Rice,6.01,29.2,2.32,88.1,reference_generated,reference_v1,960db350-9ee8-4235-9b3e-f185b67d7d69
32391c03-6d76-4cf7-8cb3-7ebc280f31ae,Rice,6.28,26.0,1.78,81.6,reference_generated,reference_v1,960db350-9ee8-4235-9b3e-f185b67d7d69
c8d814c9-bf51-4a05-8faf-855a393fe2ae,Rice,5.9,28.0,1.18,85.4,reference_generated,reference_v1,960db350-9ee8-4235-9b3e-f185b67d7d69
6c7559a4-4a41-497b-bd9f-99f15b87dcab,Rice,6.4,27.8,1.94,88.3,reference_generated,reference_v1,960db350-9ee8-4235-9b3e-f185b67d7d69
a23994a2-d291-4d80-89e6-1e7cf161b6dc,Rice,6.12,27.6,1.87,95.0,reference_generated,reference_v1,960db350-9ee8-4235-9b3e-f185b67d7d69
39340fef-cbfb-46ec-9bd2-42f15315f6e5,Rice,6.68,26.1,2.22,98.4,reference_generated,reference_v1,960db350-9ee8-4235-9b3e-f185b67d7d69
e6f360c6-1cdc-4261-a3d4-ddff1343db70,Rice,6.61,26.6,1.77,91.7,reference_generated,reference_v1,960db350-9ee8-4235-9b3e-f185b67d7d69
0637c32c-5787-4b7f-adba-575cb74bf3f4,Rice,6.71,23.3,1.93,76.8,reference_generated,reference_v1,960db350-9ee8-4235-9b3e-f185b67d7d69
bd6efdee-fe85-49d3-a9d1-1f88c4358a64,Rice,6.08,24.4,0.65,98.1,reference_generated,reference_v1,960db350-9ee8-4235-9b3e-f185b67d7d69
55801d64-0e51-4f9c-8564-3bdee412143f,Rice,6.6,28.3,2.08,91.5,reference_generated,reference_v1,960db350-9ee8-4235-9b3e-f185b67d7d69
89d49cbf-9e13-4073-b171-6677b3e79fba,Rice,6.27,28.5,1.65,87.5,reference_generated,reference_v1,960db350-9ee8-4235-9b3e-f185b67d7d69
df3af4bc-5ddc-48aa-a95a-00e3278ff6e2,Rice,6.37,24.9,2.13,87.5,reference_generated,reference_v1,960db350-9ee8-4235-9b3e-f185b67d7d69
f884573a-eafa-4d51-948d-1fb446a4798b,Rice,6.06,25.7,1.19,91.8,reference_generated,reference_v1,960db350-9ee8-4235-9b3e-f185b67d7d69
7c7b9f64-847e-4930-94e5-c501a0ff2fa4,Rice,6.16,23.2,2.3,81.9,reference_generated,reference_v1,960db350-9ee8-4235-9b3e-f185b67d7d69
03c5597e-9eb6-48c6-b217-f7df235bfdd3,Rice,6.39,26.5,1.96,81.6,reference_generated,reference_v1,960db350-9ee8-4235-9b3e-f185b67d7d69
699dfcf7-2d95-4e26-95e9-4413e039cd27,Rice,6.87,21.2,1.69,88.6,reference_generated,reference_v1,960db350-9ee8-4235-9b3e-f185b67d7d69
1d618890-0d1c-475e-90cb-727a16de28b2,Rice,6.28,23.1,0.88,97.8,reference_generated,reference_v1,960db350-9ee8-4235-9b3e-f185b67d7d69
5a1ee5f4-89f3-4f95-97bd-6f60cf9e3f40,Rice,6.63,25.7,1.19,90.1,reference_generated,reference_v1,960db350-9ee8-4235-9b3e-f185b67d7d69
2d298b0e-5aef-4498-b311-b06db34e9f7d,Rice,6.26,24.9,1.96,81.1,reference_generated,reference_v1,960db350-9ee8-4235-9b3e-f185b67d7d69
33f119c7-0e12-4f37-81ca-662f08beeef8,Rice,6.48,25.8,1.76,76.2,reference_generated,reference_v1,960db350-9ee8-4235-9b3e-f185b67d7d69
5b9f4503-3e4c-48f6-b4c2-aba1f1231df1,Rice,6.06,24.6,1.26,81.2,reference_generated,reference_v1,960db350-9ee8-4235-9b3e-f185b67d7d69
8f2276a9-6f39-4f2c-9581-f417b6e52fb9,Rice,5.97,21.0,0.41,88.9,reference_generated,reference_v1,960db350-9ee8-4235-9b3e-f185b67d7d69
77ce1dc4-57e1-43e5-bd93-ce9219cb9a80,Rice,6.4,28.0,0.85,84.1,reference_generated,reference_v1,960db350-9ee8-4235-9b3e-f185b67d7d69
d07c3c10-f1e0-4095-bb64-854816262a1f,Rice,6.32,24.2,2.14,93.8,reference_generated,reference_v1,960db350-9ee8-4235-9b3e-f185b67d7d69
9c01e06f-0f4d-4653-964b-77a2d9a66efa,Rice,6.04,25.0,0.93,81.9,reference_generated,reference_v1,960db350-9ee8-4235-9b3e-f185b67d7d69
79ecbfed-7d87-45e0-a6b7-5154bd9c2ae9,Rice,6.19,28.4,2.42,87.2,reference_generated,reference_v1,960db350-9ee8-4235-9b3e-f185b67d7d69
d2b08995-1d8d-489d-938e-2dbd14030d31,Rice,6.89,27.3,2.84,96.8,reference_generated,reference_v1,960db350-9ee8-4235-9b3e-f185b67d7d69
34a243c8-7711-4ed9-bf85-c425128eccac,Rice,6.8,28.5,1.44,82.0,reference_generated,reference_v1,960db350-9ee8-4235-9b3e-f185b67d7d69
5df27145-75cd-4ccf-98e8-275f373d243d,Rice,6.92,24.6,2.17,85.0,reference_generated,reference_v1,960db350-9ee8-4235-9b3e-f185b67d7d69
30bf9eea-b523-4247-899a-f8e95533bdf0,Rice,6.35,23.8,1.84,85.4,reference_generated,reference_v1,960db350-9ee8-4235-9b3e-f185b67d7d69
b93ca47c-62fb-4685-954b-63a56dbe0257,Rice,6.53,28.0,2.03,87.3,reference_generated,reference_v1,960db350-9ee8-4235-9b3e-f185b67d7d69
dcc53ca7-35fe-42bc-b760-434800e6a540,Rice,6.13,25.3,2.58,88.0,reference_generated,reference_v1,960db350-9ee8-4235-9b3e-f185b67d7d69
43b49736-c8dc-4b30-b5f6-5a80cc0477e8,Rice,5.57,23.5,1.41,77.9,reference_generated,reference_v1,960db350-9ee8-4235-9b3e-f185b67d7d69
3676945b-9134-49ff-a740-c533faacd7a7,Rice,5.95,28.9,0.19,80.9,reference_generated,reference_v1,960db350-9ee8-4235-9b3e-f185b67d7d69
b5350def-b098-41d4-a319-ea61b641a3c8,Rice,5.89,23.2,2.1,84.4,reference_generated,reference_v1,960db350-9ee8-4235-9b3e-f185b67d7d69
60d238c2-6d0d-4470-b7f9-0d2feffb90fd,Rice,6.41,24.5,2.38,84.6,reference_generated,reference_v1,960db350-9ee8-4235-9b3e-f185b67d7d69
c0186211-3e92-47c9-84d8-fcc8f621babe,Rice,6.12,24.7,0.5,94.0,reference_generated,reference_v1,960db350-9ee8-4235-9b3e-f185b67d7d69
b46052cc-486a-43c9-a0e7-207bc9b38e9a,Rice,5.61,26.9,2.63,96.3,reference_generated,reference_v1,960db350-9ee8-4235-9b3e-f185b67d7d69
034512d9-351e-443d-a826-0bb9bf0b22be,Rice,6.08,23.0,2.8,93.4,reference_generated,reference_v1,960db350-9ee8-4235-9b3e-f185b67d7d69
cfc5f257-70d3-4bb0-add7-bddf6e0125ff,Rice,6.42,21.1,2.03,81.0,reference_generated,reference_v1,960db350-9ee8-4235-9b3e-f185b67d7d69
641894fa-4b7a-446c-a934-1224a0f263d8,Rice,6.92,26.0,0.58,97.0,reference_generated,reference_v1,960db350-9ee8-4235-9b3e-f185b67d7d69
296fc86e-6bde-4ffe-b005-ea50d7148360,Rice,6.45,25.4,1.81,91.0,reference_generated,reference_v1,960db350-9ee8-4235-9b3e-f185b67d7d69
8770f344-24d9-4f2e-b6a4-85d0eb037c39,Rice,6.11,22.0,0.93,87.7,reference_generated,reference_v1,960db350-9ee8-4235-9b3e-f185b67d7d69
d5fa0da0-1669-4275-8457-7e82736ef11a,Rice,6.59,25.0,2.55,86.0,reference_generated,reference_v1,960db350-9ee8-4235-9b3e-f185b67d7d69
6aeb3b15-c4ec-4c7d-aba1-3e79c313c7e1,Rice,6.11,21.9,0.74,95.2,reference_generated,reference_v1,960db350-9ee8-4235-9b3e-f185b67d7d69
017aa825-29ef-466d-b345-12bdfbb450fb,Rice,6.32,26.5,2.38,94.0,reference_generated,reference_v1,960db350-9ee8-4235-9b3e-f185b67d7d69
4e3648eb-6494-4c4a-b817-1ac06d4552b8,Rice,6.48,22.2,1.59,91.9,reference_generated,reference_v1,960db350-9ee8-4235-9b3e-f185b67d7d69
64210873-abc3-4dec-9d06-d3b29576d4ab,Rice,6.37,26.1,1.51,76.6,reference_generated,reference_v1,960db350-9ee8-4235-9b3e-f185b67d7d69
b0d3d8f5-d52f-4b9f-a299-52db8a122afe,Rice,6.12,26.9,1.07,95.8,reference_generated,reference_v1,960db350-9ee8-4235-9b3e-f185b67d7d69
c6207f92-75e1-4338-b0b4-21ebf2c164fb,Rice,5.71,25.1,1.43,79.7,reference_generated,reference_v1,960db350-9ee8-4235-9b3e-f185b67d7d69
be98a2e7-eba8-4e29-af17-f4f8033f9bc0,Rice,5.8,28.7,1.38,89.8,reference_generated,reference_v1,960db350-9ee8-4235-9b3e-f185b67d7d69
8eb24b40-47f8-4bf2-8cef-76726fbe85e4,Rice,6.26,20.4,0.32,92.3,reference_generated,reference_v1,960db350-9ee8-4235-9b3e-f185b67d7d69
aa5a764b-4e18-4e9f-97f3-4a5e75602174,Rice,5.81,27.7,2.25,92.4,reference_generated,reference_v1,960db350-9ee8-4235-9b3e-f185b67d7d69
8f7e8429-05bd-4650-b30a-ead20ac70f71,Rice,5.58,25.5,1.6,79.6,reference_generated,reference_v1,960db350-9ee8-4235-9b3e-f185b67d7d69
aeab27b9-00e1-4c8e-984f-2c3a783fff93,Rice,5.97,27.1,2.04,93.9,reference_generated,reference_v1,960db350-9ee8-4235-9b3e-f185b67d7d69
65e8eb0d-c43b-4584-91f1-0f32fa025431,Rice,6.61,28.2,2.14,87.4,reference_generated,reference_v1,960db350-9ee8-4235-9b3e-f185b67d7d69
8ecd83e1-49a9-48b6-b782-d626164f1e6a,Rice,6.29,24.8,2.14,87.2,reference_generated,reference_v1,960db350-9ee8-4235-9b3e-f185b67d7d69
7d638e76-6ada-4919-9261-eee5afe70960,Rice,5.81,25.1,1.86,83.5,reference_generated,reference_v1,960db350-9ee8-4235-9b3e-f185b67d7d69
6c65cbb1-d7b5-474d-a96f-746108ce273f,Rice,6.59,28.5,1.97,92.9,reference_generated,reference_v1,960db350-9ee8-4235-9b3e-f185b67d7d69
8a6010f5-4dda-46d8-be8a-34d2a1bad034,Rice,5.76,23.7,2.46,95.9,reference_generated,reference_v1,960db350-9ee8-4235-9b3e-f185b67d7d69
ef0907b7-ab96-4149-8ea4-c36a6abc1426,Rice,6.55,26.3,1.84,83.4,reference_generated,reference_v1,960db350-9ee8-4235-9b3e-f185b67d7d69
974c1a53-4ce3-4220-a4b5-7156662d7b16,Rice,6.3,26.2,1.8,88.0,reference_generated,reference_v1,960db350-9ee8-4235-9b3e-f185b67d7d69
eeb690af-fb03-4370-a143-4aa8b4a2f738,Rice,5.73,27.9,1.91,93.4,reference_generated,reference_v1,960db350-9ee8-4235-9b3e-f185b67d7d69
ebb28d29-4331-4d80-8c38-2b4e0cafede3,Rice,6.21,21.2,2.84,79.7,reference_generated,reference_v1,960db350-9ee8-4235-9b3e-f185b67d7d69
eed5b5ba-ea95-422d-be75-628861b84fec,Rice,5.77,21.2,2.76,93.1,reference_generated,reference_v1,960db350-9ee8-4235-9b3e-f185b67d7d69
0b9ab132-054d-4ccc-813d-0a53725bad23,Rice,6.12,23.8,0.51,94.9,reference_generated,reference_v1,960db350-9ee8-4235-9b3e-f185b67d7d69
c36a313b-c268-4d9c-b381-b79d45661450,Rice,6.11,24.7,2.48,85.8,reference_generated,reference_v1,960db350-9ee8-4235-9b3e-f185b67d7d69
668e84e4-0e42-4e52-95ff-8c7091be790d,Rice,6.37,25.3,0.72,96.8,reference_generated,reference_v1,960db350-9ee8-4235-9b3e-f185b67d7d69
3ede1a02-2ba0-4d1d-8eb1-1da746bbcb75,Rice,6.57,22.8,1.61,94.3,reference_generated,reference_v1,960db350-9ee8-4235-9b3e-f185b67d7d69
6dbabaee-e574-4100-9037-c4405896af9b,Rice,6.18,20.9,0.78,85.2,reference_generated,reference_v1,960db350-9ee8-4235-9b3e-f185b67d7d69
63e27f81-21e2-4127-9801-4124ab68ab51,Rice,6.89,29.5,1.17,81.4,reference_generated,reference_v1,960db350-9ee8-4235-9b3e-f185b67d7d69
eefcd9e2-b974-409b-91b4-7b40eae75185,Rice,6.03,23.7,0.44,81.0,reference_generated,reference_v1,960db350-9ee8-4235-9b3e-f185b67d7d69
74a40b4d-8640-400a-b8ba-72e4180b84db,Rice,6.51,28.0,2.11,93.4,reference_generated,reference_v1,960db350-9ee8-4235-9b3e-f185b67d7d69
893ed493-c331-4aa5-8af2-badba9d804dc,Rice,6.53,22.9,2.07,95.2,reference_generated,reference_v1,960db350-9ee8-4235-9b3e-f185b67d7d69
e1ab690e-5220-46fb-9c63-fbc8e4f989a1,Rice,6.12,24.8,2.85,86.4,reference_generated,reference_v1,960db350-9ee8-4235-9b3e-f185b67d7d69
84f21003-c159-40bf-bc40-e8c2bbfbb1ed,Rice,5.93,22.1,1.98,84.5,reference_generated,reference_v1,960db350-9ee8-4235-9b3e-f185b67d7d69
8611f8f4-360f-45f3-ad40-78f221949120,Rice,6.68,28.9,0.46,89.9,reference_generated,reference_v1,960db350-9ee8-4235-9b3e-f185b67d7d69
a3b1c607-b4b8-43e5-865a-608d2286ee32,Rice,6.42,23.5,2.19,94.6,reference_generated,reference_v1,960db350-9ee8-4235-9b3e-f185b67d7d69
dece19e5-570c-47f8-ba43-fd0c08c6d531,Rice,6.16,21.7,1.05,90.3,reference_generated,reference_v1,960db350-9ee8-4235-9b3e-f185b67d7d69
4e469578-a0f0-4c6e-b14a-870b54017818,Rice,6.07,28.3,1.67,98.9,reference_generated,reference_v1,960db350-9ee8-4235-9b3e-f185b67d7d69
f904241d-eb8c-4f36-a47a-2c2b74f2aba0,Rice,6.24,23.6,0.74,93.0,reference_generated,reference_v1,960db350-9ee8-4235-9b3e-f185b67d7d69
1da7612a-9098-42e1-8397-60c2a69a1354,Rice,6.47,27.9,2.63,78.9,reference_generated,reference_v1,960db350-9ee8-4235-9b3e-f185b67d7d69
0e99439a-49a6-4cb3-b2e1-ec7f11f47e22,Rice,6.12,25.0,1.21,89.6,reference_generated,reference_v1,960db350-9ee8-4235-9b3e-f185b67d7d69
e69d6119-c6cf-4b0f-9ebf-64fa2d13448f,Rice,6.47,20.8,1.03,93.1,reference_generated,reference_v1,960db350-9ee8-4235-9b3e-f185b67d7d69
901907b4-6872-4019-ba64-54c773ed1b05,Rice,6.37,28.4,2.47,86.3,reference_generated,reference_v1,960db350-9ee8-4235-9b3e-f185b67d7d69
dee89d96-73fc-4023-b081-b2ff9d22f3bb,Rice,6.65,23.3,1.13,87.9,reference_generated,reference_v1,960db350-9ee8-4235-9b3e-f185b67d7d69
af9a606e-e405-4bda-ac78-1882ae3fb2f3,Rice,6.47,25.8,2.32,77.2,reference_generated,reference_v1,960db350-9ee8-4235-9b3e-f185b67d7d69
465124d9-a0dc-4de3-8b24-9843b75f6dfa,Rice,6.98,25.4,1.47,85.4,reference_generated,reference_v1,960db350-9ee8-4235-9b3e-f185b67d7d69
d0b439b0-0450-4dc6-a4a2-194a2e1c1612,Rice,6.34,22.6,1.3,83.7,reference_generated,reference_v1,960db350-9ee8-4235-9b3e-f185b67d7d69
a8cbdd4a-7138-498f-b80e-1f60ac50a201,Rice,6.89,27.9,0.57,85.3,reference_generated,reference_v1,960db350-9ee8-4235-9b3e-f185b67d7d69
256d21ca-608c-4c59-9a70-34cd569c5069,Rice,6.11,28.3,2.3,87.4,reference_generated,reference_v1,960db350-9ee8-4235-9b3e-f185b67d7d69
69e4789d-8b06-4671-aa1e-6c8a2da19e54,Rice,6.74,22.8,2.74,91.7,reference_generated,reference_v1,960db350-9ee8-4235-9b3e-f185b67d7d69
74dc81cc-b5b0-41d5-a213-a1a8cfad799d,Rice,6.84,24.6,1.55,77.7,reference_generated,reference_v1,960db350-9ee8-4235-9b3e-f185b67d7d69
ebc91c9c-492f-40cd-8887-7d3f7213d4e3,Rice,5.96,24.5,2.53,98.3,reference_generated,reference_v1,960db350-9ee8-4235-9b3e-f185b67d7d69
52891d55-63c2-4e20-8dd5-d2f90d80cebc,Rice,6.56,25.1,0.88,92.9,reference_generated,reference_v1,960db350-9ee8-4235-9b3e-f185b67d7d69
b826a12a-aac9-489c-947a-226fa00b5144,Rice,5.62,24.9,1.7,96.8,reference_generated,reference_v1,960db350-9ee8-4235-9b3e-f185b67d7d69
3971b5a4-a714-40fd-a15e-be6911c61c5f,Rice,6.08,24.6,1.04,83.6,reference_generated,reference_v1,960db350-9ee8-4235-9b3e-f185b67d7d69
514fece6-d966-4f3f-b930-e8a8faea5441,Rice,6.6,24.9,2.29,93.6,reference_generated,reference_v1,960db350-9ee8-4235-9b3e-f185b67d7d69
a059b1a0-31c4-48a2-a9fc-17e697bc85b3,Rice,5.91,27.4,1.21,91.1,reference_generated,reference_v1,960db350-9ee8-4235-9b3e-f185b67d7d69
e1c50c94-31f0-4c2e-8ec3-0303b9c7769a,Rice,6.03,25.2,1.81,86.0,reference_generated,reference_v1,960db350-9ee8-4235-9b3e-f185b67d7d69
ee146dbb-7e3c-4171-b632-abe25f79ad09,Rice,6.24,28.9,2.23,83.7,reference_generated,reference_v1,960db350-9ee8-4235-9b3e-f185b67d7d69
23231b1e-d472-4d43-b758-4e9da4cdc0d6,Rice,6.53,23.2,2.62,82.1,reference_generated,reference_v1,960db350-9ee8-4235-9b3e-f185b67d7d69
31a34fdf-b8fc-4a0d-9313-beec66fe664c,Rice,5.82,27.1,2.57,90.1,reference_generated,reference_v1,960db350-9ee8-4235-9b3e-f185b67d7d69
df4c7680-9111-4219-8248-a52c09058c41,Rice,6.08,24.8,0.4,84.7,reference_generated,reference_v1,960db350-9ee8-4235-9b3e-f185b67d7d69
e93359f3-8bfd-45ba-b997-d1fea6a1792d,Rice,5.67,24.3,2.08,98.9,reference_generated,reference_v1,960db350-9ee8-4235-9b3e-f185b67d7d69
95c2e815-3ca7-4c52-aa8a-8bc520bf16ac,Rice,6.78,25.9,1.69,89.7,reference_generated,reference_v1,960db350-9ee8-4235-9b3e-f185b67d7d69
cdf69e79-6ba7-476b-a847-ae12bb0c9610,Rice,6.24,26.3,1.72,76.7,reference_generated,reference_v1,960db350-9ee8-4235-9b3e-f185b67d7d69
2444f7e5-8f02-4697-87f8-574520a128fa,Rice,6.06,26.7,2.0,86.0,reference_generated,reference_v1,960db350-9ee8-4235-9b3e-f185b67d7d69
e87fb060-b22f-4002-af08-14c4ea9a32c1,Rice,6.61,26.3,0.82,85.7,reference_generated,reference_v1,960db350-9ee8-4235-9b3e-f185b67d7d69
2232f4d7-89c2-4291-a6c2-de5a218829df,Rice,6.16,27.3,2.1,85.7,reference_generated,reference_v1,960db350-9ee8-4235-9b3e-f185b67d7d69
07e24b50-8c97-46f9-be42-2e8ed4eae0d9,Rice,6.62,26.7,1.08,87.8,reference_generated,reference_v1,960db350-9ee8-4235-9b3e-f185b67d7d69
eaab614c-1828-452a-8f76-8745f7eb3e5d,Rice,5.91,28.7,0.62,80.7,reference_generated,reference_v1,960db350-9ee8-4235-9b3e-f185b67d7d69
d770dd35-454c-4fd1-9af6-1ff36a4a491f,Rice,6.02,26.0,2.23,91.6,reference_generated,reference_v1,960db350-9ee8-4235-9b3e-f185b67d7d69
09ac709c-edda-4a12-a3e6-f58846bd4e10,Rice,6.32,26.3,2.29,89.2,reference_generated,reference_v1,960db350-9ee8-4235-9b3e-f185b67d7d69
4217bc26-78f5-4a83-9946-01b2eac553fb,Rice,6.61,24.4,2.38,84.1,reference_generated,reference_v1,960db350-9ee8-4235-9b3e-f185b67d7d69
0bd4660c-dd72-43ad-a99e-781fdd964d3a,Rice,6.43,23.8,1.4,90.6,reference_generated,reference_v1,960db350-9ee8-4235-9b3e-f185b67d7d69
7ff7eede-7fb5-48e7-9414-d2a919c857c4,Rice,5.78,22.2,2.54,86.2,reference_generated,reference_v1,960db350-9ee8-4235-9b3e-f185b67d7d69
67a21ec5-c81e-4257-8945-573bb3c6d930,Rice,6.46,25.4,2.04,89.2,reference_generated,reference_v1,960db350-9ee8-4235-9b3e-f185b67d7d69
2475f2dd-1a72-409f-9112-e5021407ade8,Rice,5.88,21.7,2.3,79.6,reference_generated,reference_v1,960db350-9ee8-4235-9b3e-f185b67d7d69
1cd5722c-6002-439a-ad36-b7ae8f3bac23,Rice,6.07,27.3,2.34,97.9,reference_generated,reference_v1,960db350-9ee8-4235-9b3e-f185b67d7d69
98792dba-b315-427f-90b2-b3ca8076fb0e,Rice,6.3,24.4,1.29,80.1,reference_generated,reference_v1,960db350-9ee8-4235-9b3e-f185b67d7d69
09621627-2e14-418f-8e4c-9521c9d89f0d,Rice,5.8,23.2,1.19,83.4,reference_generated,reference_v1,960db350-9ee8-4235-9b3e-f185b67d7d69
9e00719a-0176-4c27-abc8-534bb11ccdbf,Rice,6.78,21.0,1.8,79.5,reference_generated,reference_v1,960db350-9ee8-4235-9b3e-f185b67d7d69
26901225-d332-40a9-9305-a60819b40f2f,Rice,5.78,26.6,2.65,83.1,reference_generated,reference_v1,960db350-9ee8-4235-9b3e-f185b67d7d69
a7d415d9-3a7a-4a53-87f0-a5025cf9000c,Rice,6.52,26.6,1.62,88.7,reference_generated,reference_v1,960db350-9ee8-4235-9b3e-f185b67d7d69
ea850fe9-df16-402f-9e7c-240886b85151,Rice,6.49,25.7,1.68,76.2,reference_generated,reference_v1,960db350-9ee8-4235-9b3e-f185b67d7d69
c2102d9d-1f41-40a5-aff5-4066ed103521,Rice,6.15,24.0,2.03,93.8,reference_generated,reference_v1,960db350-9ee8-4235-9b3e-f185b67d7d69
1a655c7a-da56-4b13-8c3e-8d15503d3f1e,Rice,6.28,25.8,1.2,90.0,reference_generated,reference_v1,960db350-9ee8-4235-9b3e-f185b67d7d69
78b054d5-3b12-477d-8be1-32199eb23736,Rice,6.35,20.5,2.49,81.8,reference_generated,reference_v1,960db350-9ee8-4235-9b3e-f185b67d7d69
8e6990ea-1de1-41bd-a241-e27fb535b683,Rice,6.66,24.7,1.23,80.1,reference_generated,reference_v1,960db350-9ee8-4235-9b3e-f185b67d7d69
3ec8543b-5fcc-4e93-988b-aee41ae9093b,Rice,6.79,27.7,2.19,90.2,reference_generated,reference_v1,960db350-9ee8-4235-9b3e-f185b67d7d69
7713184d-3a36-4d21-a95a-878b7b88f213,Rice,5.86,21.4,2.22,90.9,reference_generated,reference_v1,960db350-9ee8-4235-9b3e-f185b67d7d69
0d1f21e4-ee95-4cc5-a74e-2ceea4f127a1,Rice,6.95,21.7,2.17,83.5,reference_generated,reference_v1,960db350-9ee8-4235-9b3e-f185b67d7d69
fe4bd8f8-af53-4a2f-a29c-a2fa15653d4f,Rice,6.64,24.4,1.97,84.1,reference_generated,reference_v1,960db350-9ee8-4235-9b3e-f185b67d7d69
b2748190-480d-4eaf-8fdf-95870e6d6ff2,Rice,6.48,22.7,0.95,77.4,reference_generated,reference_v1,960db350-9ee8-4235-9b3e-f185b67d7d69
771b8df8-39a6-479f-9174-7c538ada5faf,Rice,6.09,26.8,2.56,95.9,reference_generated,reference_v1,960db350-9ee8-4235-9b3e-f185b67d7d69
574c454c-b758-4242-8be4-99de2f410d05,Rice,6.32,22.4,0.19,87.0,reference_generated,reference_v1,960db350-9ee8-4235-9b3e-f185b67d7d69
3747eb5d-e479-4535-a8c8-4055f3bda007,Rice,6.38,23.4,1.59,89.5,reference_generated,reference_v1,960db350-9ee8-4235-9b3e-f185b67d7d69
07408f78-3acc-4df1-9892-4b6c8604126c,Rice,5.75,23.8,1.93,78.1,reference_generated,reference_v1,960db350-9ee8-4235-9b3e-f185b67d7d69
f0334f34-7758-42fa-84d3-f43b15d9aac9,Rice,6.36,25.2,1.7,83.0,reference_generated,reference_v1,960db350-9ee8-4235-9b3e-f185b67d7d69
315560a6-411f-429a-8249-d05c3004cdd8,Rice,6.55,22.8,1.25,78.1,reference_generated,reference_v1,960db350-9ee8-4235-9b3e-f185b67d7d69
a04c5f91-a1c1-4c18-9c5e-887a6d36b8f7,Rice,6.33,25.5,1.96,90.2,reference_generated,reference_v1,960db350-9ee8-4235-9b3e-f185b67d7d69
fa2869c7-4827-465c-9420-8227f3f413fa,Rice,6.74,22.6,2.12,92.7,reference_generated,reference_v1,960db350-9ee8-4235-9b3e-f185b67d7d69
06ea03af-f972-4be9-952b-4ed00d11855a,Rice,6.43,24.1,2.29,87.2,reference_generated,reference_v1,960db350-9ee8-4235-9b3e-f185b67d7d69
ed259b8e-c8f4-4d9c-ba53-26fb74f48a66,Rice,5.55,22.1,2.12,90.6,reference_generated,reference_v1,960db350-9ee8-4235-9b3e-f185b67d7d69
12015b1a-ee29-4b81-aa3b-187d1f41dfaf,Rice,6.4,27.8,2.0,88.6,reference_generated,reference_v1,960db350-9ee8-4235-9b3e-f185b67d7d69
c37c0daf-e6c1-4a52-8f01-c9f7d62717a8,Rice,6.63,26.4,2.28,92.3,reference_generated,reference_v1,960db350-9ee8-4235-9b3e-f185b67d7d69
8617f31a-e42d-4596-aae5-f337cf27a646,Rice,5.66,23.6,1.91,92.6,reference_generated,reference_v1,960db350-9ee8-4235-9b3e-f185b67d7d69
06568d09-3a4f-4e5f-87f9-16142ddf32a1,Rice,6.53,29.0,0.97,78.1,reference_generated,reference_v1,960db350-9ee8-4235-9b3e-f185b67d7d69
61906669-15e5-49c1-b8ab-69f02dd6d293,Rice,6.24,23.5,0.93,84.1,reference_generated,reference_v1,960db350-9ee8-4235-9b3e-f185b67d7d69
33b0ed8b-7651-43bf-8a76-bd891b5201eb,Rice,6.89,24.4,1.72,88.3,reference_generated,reference_v1,960db350-9ee8-4235-9b3e-f185b67d7d69
faa0fcf7-80b8-4be8-8cab-525129aa19ce,Rice,5.9,23.0,0.95,85.5,reference_generated,reference_v1,960db350-9ee8-4235-9b3e-f185b67d7d69
a602ab63-8291-4e13-a331-a9f03a685db3,Rice,6.32,22.2,0.34,82.4,reference_generated,reference_v1,960db350-9ee8-4235-9b3e-f185b67d7d69
3bea0790-780c-4c15-a5e5-2841db6cf615,Rice,6.02,22.1,2.39,91.1,reference_generated,reference_v1,960db350-9ee8-4235-9b3e-f185b67d7d69
00cc4c93-5f5b-4f19-b018-7ee4ba44b0c8,Rice,6.78,29.1,2.71,82.6,reference_generated,reference_v1,960db350-9ee8-4235-9b3e-f185b67d7d69
6540b7ab-6ee9-4c3d-9830-3e50371d7fb7,Rice,6.13,25.4,1.11,88.5,reference_generated,reference_v1,960db350-9ee8-4235-9b3e-f185b67d7d69
0f1ecdbb-6871-45c1-82bd-68ddd66de4e4,Rice,6.76,23.4,1.3,85.2,reference_generated,reference_v1,960db350-9ee8-4235-9b3e-f185b67d7d69
19a50418-f142-4767-b1d4-45974f711f1a,Rice,5.74,23.0,1.12,81.3,reference_generated,reference_v1,960db350-9ee8-4235-9b3e-f185b67d7d69
17b37e1b-4b39-431f-a5f7-ed8d09c06e50,Rice,6.28,24.7,1.77,85.5,reference_generated,reference_v1,960db350-9ee8-4235-9b3e-f185b67d7d69
3a027544-4ed1-4cf2-8f7a-a8e21e58fdd9,Rice,6.35,27.9,0.99,91.8,reference_generated,reference_v1,960db350-9ee8-4235-9b3e-f185b67d7d69
f7647a89-0f8a-4fcd-99ac-b99d4422bab3,Rice,6.52,21.9,1.27,83.0,reference_generated,reference_v1,960db350-9ee8-4235-9b3e-f185b67d7d69
85fd9e76-cc1d-4297-9a61-155a2f8dabac,Rice,6.76,22.8,2.09,90.0,reference_generated,reference_v1,960db350-9ee8-4235-9b3e-f185b67d7d69
97afbe16-016a-4422-a67b-d8c8cd09a8bd,Rice,6.34,24.5,0.79,87.9,reference_generated,reference_v1,960db350-9ee8-4235-9b3e-f185b67d7d69
fa4e1a77-214e-44e9-8c24-e50834e81f34,Rice,5.69,27.1,1.51,78.2,reference_generated,reference_v1,960db350-9ee8-4235-9b3e-f185b67d7d69
0c0d8161-85c5-4d1c-b256-62d55f0d1476,Rice,5.97,21.3,0.66,78.0,reference_generated,reference_v1,960db350-9ee8-4235-9b3e-f185b67d7d69
2af1e3bb-2f86-4ec9-b4e3-1c65a1982099,Rice,5.78,26.4,0.79,82.3,reference_generated,reference_v1,960db350-9ee8-4235-9b3e-f185b67d7d69
ec17c0d0-c7a9-4e65-bc11-754668cadf19,Rice,6.85,29.0,0.59,79.5,reference_generated,reference_v1,960db350-9ee8-4235-9b3e-f185b67d7d69
de25d68c-fe23-43ad-aac8-ee01feaa81b2,Rice,6.41,20.7,1.7,99.2,reference_generated,reference_v1,960db350-9ee8-4235-9b3e-f185b67d7d69
b7ece723-f40f-4b34-8bfd-af3d687705eb,Rice,6.08,28.1,1.48,93.4,reference_generated,reference_v1,960db350-9ee8-4235-9b3e-f185b67d7d69
9cc279c9-302a-412a-8732-84e94954b998,Rice,6.36,29.3,0.27,85.3,reference_generated,reference_v1,960db350-9ee8-4235-9b3e-f185b67d7d69
5e29e378-eb9a-4119-84cf-54f845138a78,Rice,6.44,24.6,1.5,85.4,reference_generated,reference_v1,960db350-9ee8-4235-9b3e-f185b67d7d69
a4cb8d3c-8607-48f6-80db-e8ae9b3e40f5,Rice,6.37,28.3,0.59,85.0,reference_generated,reference_v1,960db350-9ee8-4235-9b3e-f185b67d7d69
708aabdf-d62a-425f-87d9-906984815f67,Rice,6.49,27.7,2.61,92.5,reference_generated,reference_v1,960db350-9ee8-4235-9b3e-f185b67d7d69
13d427ca-7f2e-4520-8d55-ad6e7902a971,Rice,6.61,25.4,2.12,86.2,reference_generated,reference_v1,960db350-9ee8-4235-9b3e-f185b67d7d69
0e6d32dd-ac39-4fd7-964d-550e049b392d,Rice,5.86,27.2,2.19,86.8,reference_generated,reference_v1,960db350-9ee8-4235-9b3e-f185b67d7d69
01821998-14d9-43c9-a97a-eae204acf60d,Rice,6.26,21.5,2.12,92.7,reference_generated,reference_v1,960db350-9ee8-4235-9b3e-f185b67d7d69
88bae3b9-8cfd-425b-ad1e-5d7dd5ac76bc,Maize,5.69,31.7,0.77,72.3,reference_generated,reference_v1,960db350-9ee8-4235-9b3e-f185b67d7d69
22e1a868-50d0-46ea-9b31-c5a149e4650d,Maize,5.25,24.4,0.91,71.2,reference_generated,reference_v1,960db350-9ee8-4235-9b3e-f185b67d7d69
378239dd-6084-4b42-98ec-fea96cadd927,Maize,6.55,24.4,1.2,55.9,reference_generated,reference_v1,960db350-9ee8-4235-9b3e-f185b67d7d69
ab272e8a-6327-47cd-8f0e-1e0555f82775,Maize,6.22,26.3,1.17,74.0,reference_generated,reference_v1,960db350-9ee8-4235-9b3e-f185b67d7d69
39cac8ca-395f-4b1f-ac46-cdc93c0b3619,Maize,6.27,24.7,0.88,74.6,reference_generated,reference_v1,960db350-9ee8-4235-9b3e-f185b67d7d69
8d38f635-02e2-4303-907f-bd046cbf716a,Maize,6.41,24.4,0.54,73.1,reference_generated,reference_v1,960db350-9ee8-4235-9b3e-f185b67d7d69
4b5f9a7c-1bac-460f-80f2-330194cedacb,Maize,6.38,25.6,0.66,57.9,reference_generated,reference_v1,960db350-9ee8-4235-9b3e-f185b67d7d69
b78a7214-5fb0-4053-8bba-214d36a8611b,Maize,5.58,24.0,1.17,56.9,reference_generated,reference_v1,960db350-9ee8-4235-9b3e-f185b67d7d69
a1c69213-e283-479f-9373-221fd2a6ecc7,Maize,5.34,23.1,0.77,72.0,reference_generated,reference_v1,960db350-9ee8-4235-9b3e-f185b67d7d69
14bde9be-91cd-4c81-80c6-4f707cb4573a,Maize,6.56,27.4,0.44,58.6,reference_generated,reference_v1,960db350-9ee8-4235-9b3e-f185b67d7d69
effa1978-0740-4c81-8a4d-2fde5154565e,Maize,6.01,21.6,1.13,57.5,reference_generated,reference_v1,960db350-9ee8-4235-9b3e-f185b67d7d69
21d09267-06e2-4189-b0c3-0600463145ae,Maize,5.04,19.8,1.07,73.2,reference_generated,reference_v1,960db350-9ee8-4235-9b3e-f185b67d7d69
bb9073e8-35d7-4131-84f5-381510f4c068,Maize,6.21,28.6,0.74,64.4,reference_generated,reference_v1,960db350-9ee8-4235-9b3e-f185b67d7d69
d0ff7f8c-149e-40bb-bb31-eff4cc3bb16c,Maize,5.4,26.8,0.38,63.5,reference_generated,reference_v1,960db350-9ee8-4235-9b3e-f185b67d7d69
1f3c5fe7-78e0-4205-a48f-c33afb163408,Maize,5.7,20.4,1.6,60.4,reference_generated,reference_v1,960db350-9ee8-4235-9b3e-f185b67d7d69
4d93c083-aa26-4db6-969d-7ff9908b0964,Maize,5.88,28.0,0.93,77.0,reference_generated,reference_v1,960db350-9ee8-4235-9b3e-f185b67d7d69
5c07a43e-bdd4-4edb-b3b0-0ee50bbe9b8c,Maize,5.96,29.9,1.05,55.9,reference_generated,reference_v1,960db350-9ee8-4235-9b3e-f185b67d7d69
dfcd3055-b190-4549-961f-cfc4c5858fd9,Maize,6.81,19.0,0.85,63.2,reference_generated,reference_v1,960db350-9ee8-4235-9b3e-f185b67d7d69
1dd4d72d-d563-4277-a39e-5496dca82ed6,Maize,5.32,25.2,0.57,64.2,reference_generated,reference_v1,960db350-9ee8-4235-9b3e-f185b67d7d69
3dd19f1c-cc18-4734-895b-eb3e7142e0e5,Maize,6.27,21.9,1.06,63.7,reference_generated,reference_v1,960db350-9ee8-4235-9b3e-f185b67d7d69
b00bc07a-8c7c-4111-ab0e-2bbe0a1ec672,Maize,5.92,26.0,0.44,68.6,reference_generated,reference_v1,960db350-9ee8-4235-9b3e-f185b67d7d69
5b499c7b-3ab7-4e78-bf51-83572e5a0e14,Maize,5.57,28.6,1.03,61.2,reference_generated,reference_v1,960db350-9ee8-4235-9b3e-f185b67d7d69
75bbe8d8-ef7b-4e33-b0f0-5a71c681750e,Maize,6.35,25.5,1.49,52.7,reference_generated,reference_v1,960db350-9ee8-4235-9b3e-f185b67d7d69
8e9605f6-648f-4ae9-b0c4-76c08fbe244d,Maize,6.13,21.9,0.94,62.3,reference_generated,reference_v1,960db350-9ee8-4235-9b3e-f185b67d7d69
ced0419e-5d33-4921-ae34-d7ab2f1cc730,Maize,5.43,29.5,0.62,62.9,reference_generated,reference_v1,960db350-9ee8-4235-9b3e-f185b67d7d69
185273ed-72e8-435a-91a0-b504eb10b807,Maize,6.33,26.8,0.48,52.0,reference_generated,reference_v1,960db350-9ee8-4235-9b3e-f185b67d7d69
49b70bb6-de0c-44c6-ab8e-98812365cdfb,Maize,5.94,23.1,0.75,63.9,reference_generated,reference_v1,960db350-9ee8-4235-9b3e-f185b67d7d69
cb0768da-f7c5-49ca-bf30-8a9a01b2ee6a,Maize,6.59,27.2,0.83,55.0,reference_generated,reference_v1,960db350-9ee8-4235-9b3e-f185b67d7d69
1d834726-5748-4c11-bac9-8763fb166ece,Maize,6.28,29.4,1.45,64.2,reference_generated,reference_v1,960db350-9ee8-4235-9b3e-f185b67d7d69
e6c70707-2ab7-4e70-ab61-e94f8a3168e6,Maize,6.23,20.1,1.04,54.5,reference_generated,reference_v1,960db350-9ee8-4235-9b3e-f185b67d7d69
408a2ec8-fb8d-433c-b9a9-54a55f1041d4,Maize,5.88,29.8,1.13,62.8,reference_generated,reference_v1,960db350-9ee8-4235-9b3e-f185b67d7d69
6b7b26dc-af2f-4f60-b566-da75917033e1,Maize,6.7,26.3,0.61,66.3,reference_generated,reference_v1,960db350-9ee8-4235-9b3e-f185b67d7d69
38de76bd-753d-4ac3-878a-74885ecead26,Maize,5.95,18.2,0.84,76.6,reference_generated,reference_v1,960db350-9ee8-4235-9b3e-f185b67d7d69
7f54783d-1b44-413c-bda1-e0a44535197b,Maize,5.17,22.5,1.14,68.1,reference_generated,reference_v1,960db350-9ee8-4235-9b3e-f185b67d7d69
f0f3dbb0-abcf-4aff-a6cd-1113cbb9e4c1,Maize,6.01,28.2,0.23,71.6,reference_generated,reference_v1,960db350-9ee8-4235-9b3e-f185b67d7d69
dbca31be-6ccc-4684-8513-4bc11c86f02f,Maize,6.27,28.5,0.27,61.8,reference_generated,reference_v1,960db350-9ee8-4235-9b3e-f185b67d7d69
79c214a7-2d5c-430c-b1df-76715c1964e7,Maize,5.79,29.9,0.26,66.3,reference_generated,reference_v1,960db350-9ee8-4235-9b3e-f185b67d7d69
be471bfb-fc89-47fa-9e61-72ef4ab532a9,Maize,5.7,23.7,0.73,66.2,reference_generated,reference_v1,960db350-9ee8-4235-9b3e-f185b67d7d69
109a4768-05fd-41b7-8354-f32bfdcfd3a8,Maize,6.01,31.1,1.27,55.6,reference_generated,reference_v1,960db350-9ee8-4235-9b3e-f185b67d7d69
ac003ce5-fedc-4cf8-89b5-a04568086d65,Maize,5.2,31.2,0.53,62.6,reference_generated,reference_v1,960db350-9ee8-4235-9b3e-f185b67d7d69
26496ea5-cd3e-419b-a738-bcb0e603b3fe,Maize,6.46,28.9,0.5,63.2,reference_generated,reference_v1,960db350-9ee8-4235-9b3e-f185b67d7d69
b54c98a8-596a-4abb-977a-79a204dff8bc,Maize,6.08,29.7,0.71,68.3,reference_generated,reference_v1,960db350-9ee8-4235-9b3e-f185b67d7d69
50398813-d394-48ec-920a-4cb25c413e89,Maize,6.85,20.6,0.77,77.4,reference_generated,reference_v1,960db350-9ee8-4235-9b3e-f185b67d7d69
516f2247-80e9-4327-862b-3e600886c27f,Maize,6.45,29.5,0.7,70.3,reference_generated,reference_v1,960db350-9ee8-4235-9b3e-f185b67d7d69
76bec082-8f56-4b37-8b89-1e60c92b541b,Maize,5.87,25.4,0.49,73.9,reference_generated,reference_v1,960db350-9ee8-4235-9b3e-f185b67d7d69
b9558b97-7a8c-4d0b-8321-8c33b84fbe40,Maize,5.62,25.8,0.44,71.8,reference_generated,reference_v1,960db350-9ee8-4235-9b3e-f185b67d7d69
68b5ec4f-d7b7-43cf-87ff-5c5e3bead9d6,Maize,6.4,26.1,1.59,64.6,reference_generated,reference_v1,960db350-9ee8-4235-9b3e-f185b67d7d69
9c848001-34e6-4d97-859d-88fc5a09f86f,Maize,6.45,20.4,0.33,60.8,reference_generated,reference_v1,960db350-9ee8-4235-9b3e-f185b67d7d69
ae27fbf4-1812-492c-b211-c84b3dd5d8ff,Maize,5.5,22.2,1.12,55.8,reference_generated,reference_v1,960db350-9ee8-4235-9b3e-f185b67d7d69
b4bdf4cd-c744-4e7d-a21e-255daec5f883,Maize,5.54,30.7,1.48,67.0,reference_generated,reference_v1,960db350-9ee8-4235-9b3e-f185b67d7d69
ad818f96-9319-44c9-bdbc-4dcc3c15d312,Maize,6.69,20.1,1.3,63.5,reference_generated,reference_v1,960db350-9ee8-4235-9b3e-f185b67d7d69
c25eb3ae-641a-48fa-a8ba-9cec4308f291,Maize,6.19,29.3,0.44,72.6,reference_generated,reference_v1,960db350-9ee8-4235-9b3e-f185b67d7d69
fa92bf8a-0c07-4625-baec-bd256583bcc0,Maize,6.0,28.2,1.41,65.5,reference_generated,reference_v1,960db350-9ee8-4235-9b3e-f185b67d7d69
8580f1a2-c17c-4b99-8087-cefb02fa1ae8,Maize,5.99,22.7,0.37,54.1,reference_generated,reference_v1,960db350-9ee8-4235-9b3e-f185b67d7d69
9b224e9f-107a-4c29-96ca-1163662ebdb6,Maize,6.57,27.7,0.65,72.4,reference_generated,reference_v1,960db350-9ee8-4235-9b3e-f185b67d7d69
51be5fb4-2157-409b-adfd-3d5c7241d2df,Maize,5.79,23.1,0.85,51.4,reference_generated,reference_v1,960db350-9ee8-4235-9b3e-f185b67d7d69
1d8c73c4-d4e6-48be-aae9-e79729826fbb,Maize,5.9,22.9,0.46,70.2,reference_generated,reference_v1,960db350-9ee8-4235-9b3e-f185b67d7d69
13161bff-a6eb-45b2-9d0a-ce4c79c9a4b2,Maize,5.62,25.9,0.91,60.9,reference_generated,reference_v1,960db350-9ee8-4235-9b3e-f185b67d7d69
a0362ec5-2230-48df-a69e-47096fe148bd,Maize,5.56,24.7,0.59,72.7,reference_generated,reference_v1,960db350-9ee8-4235-9b3e-f185b67d7d69
35f7e947-b80b-443f-abf2-73a4bd3fd21f,Maize,5.91,25.4,1.53,59.4,reference_generated,reference_v1,960db350-9ee8-4235-9b3e-f185b67d7d69
69abe079-656e-4cb4-96b4-87c6b6e9ab9e,Maize,6.95,27.8,0.88,59.5,reference_generated,reference_v1,960db350-9ee8-4235-9b3e-f185b67d7d69
2de08fb6-7edf-44ff-b656-6f0b9b0777d6,Maize,6.16,26.0,1.29,64.9,reference_generated,reference_v1,960db350-9ee8-4235-9b3e-f185b67d7d69
de3e7e56-f101-42b5-a382-f5173f96629f,Maize,6.33,24.7,1.54,56.3,reference_generated,reference_v1,960db350-9ee8-4235-9b3e-f185b67d7d69
477fa987-d8cd-4269-9f11-30a4f2178254,Maize,5.51,25.1,1.02,68.4,reference_generated,reference_v1,960db350-9ee8-4235-9b3e-f185b67d7d69
f3a43eed-b6af-4372-af65-b2fde1a6a243,Maize,6.27,19.4,1.52,61.6,reference_generated,reference_v1,960db350-9ee8-4235-9b3e-f185b67d7d69
bb54edab-71a0-483e-899c-2f74b9f57bfd,Maize,6.14,28.7,1.21,59.4,reference_generated,reference_v1,960db350-9ee8-4235-9b3e-f185b67d7d69
3077aaeb-e129-474c-afea-1f245dc76491,Maize,5.86,28.0,1.16,72.6,reference_generated,reference_v1,960db350-9ee8-4235-9b3e-f185b67d7d69
2bff7cae-641b-4319-882b-4e08bbb7e07e,Maize,6.47,28.0,0.89,75.1,reference_generated,reference_v1,960db350-9ee8-4235-9b3e-f185b67d7d69
1b5dcbcf-a1c2-4f56-b07d-83ae3e5bf72a,Maize,6.77,23.2,0.35,62.2,reference_generated,reference_v1,960db350-9ee8-4235-9b3e-f185b67d7d69
6fc33d19-ca83-4794-b71b-7de76de07ce4,Maize,5.86,26.3,0.79,57.4,reference_generated,reference_v1,960db350-9ee8-4235-9b3e-f185b67d7d69
7e5bd851-cf00-457d-b9e9-13e721a4b64e,Maize,6.27,30.9,0.5,60.5,reference_generated,reference_v1,960db350-9ee8-4235-9b3e-f185b67d7d69
85edf90f-ae04-4ce2-9ff6-c434700ed5b4,Maize,6.58,25.9,1.3,66.1,reference_generated,reference_v1,960db350-9ee8-4235-9b3e-f185b67d7d69
f8a631bb-26da-4ebc-88dd-5e2272f6fe3d,Maize,6.81,27.0,0.57,59.8,reference_generated,reference_v1,960db350-9ee8-4235-9b3e-f185b67d7d69
8427f39f-0bc5-47f3-b8f8-17d78ddc4065,Maize,6.3,28.5,0.96,63.9,reference_generated,reference_v1,960db350-9ee8-4235-9b3e-f185b67d7d69
6ec6b469-6dee-4c64-bdcd-7b61a02cd0cf,Maize,6.47,28.3,1.17,74.1,reference_generated,reference_v1,960db350-9ee8-4235-9b3e-f185b67d7d69
76912795-8255-423e-81f6-c6b0ad1be7fc,Maize,6.2,25.3,0.52,67.9,reference_generated,reference_v1,960db350-9ee8-4235-9b3e-f185b67d7d69
50a07107-2761-4259-8500-9e5e41e6d166,Maize,6.26,29.0,0.88,63.4,reference_generated,reference_v1,960db350-9ee8-4235-9b3e-f185b67d7d69
818a6c45-a516-4976-a033-f2121107e3af,Maize,5.81,27.3,0.68,59.1,reference_generated,reference_v1,960db350-9ee8-4235-9b3e-f185b67d7d69
eec755bb-a004-4ead-b357-bad40561ccb9,Maize,6.23,29.7,0.97,64.8,reference_generated,reference_v1,960db350-9ee8-4235-9b3e-f185b67d7d69
6d9bf379-35cc-4f10-93b9-0801acdc80f5,Maize,5.83,28.0,0.47,71.9,reference_generated,reference_v1,960db350-9ee8-4235-9b3e-f185b67d7d69
369a221b-6d2a-431d-b359-b25e17815b51,Maize,6.42,20.9,1.56,58.5,reference_generated,reference_v1,960db350-9ee8-4235-9b3e-f185b67d7d69
1e60069c-63d7-41b5-be18-9e3faac793ae,Maize,5.56,28.9,1.08,57.8,reference_generated,reference_v1,960db350-9ee8-4235-9b3e-f185b67d7d69
e83c48f0-0136-47d3-be09-8e2264540456,Maize,6.2,27.9,1.58,58.1,reference_generated,reference_v1,960db350-9ee8-4235-9b3e-f185b67d7d69
10dddd9c-96dd-4678-889e-cd6e195f63fd,Maize,5.71,20.1,1.21,66.7,reference_generated,reference_v1,960db350-9ee8-4235-9b3e-f185b67d7d69
0fe65252-9591-4f87-b01a-39d451d5cb07,Maize,5.77,22.0,0.76,61.2,reference_generated,reference_v1,960db350-9ee8-4235-9b3e-f185b67d7d69
fc924d07-24c8-4f3d-ac19-eff3c613f558,Maize,6.77,21.3,1.26,72.9,reference_generated,reference_v1,960db350-9ee8-4235-9b3e-f185b67d7d69
36f94f87-d430-49ec-bba1-7711ead70f53,Maize,6.4,26.0,1.33,63.4,reference_generated,reference_v1,960db350-9ee8-4235-9b3e-f185b67d7d69
e8f656e9-4101-43a7-b9f9-d0e9ea62b4f1,Maize,5.53,23.6,1.22,68.6,reference_generated,reference_v1,960db350-9ee8-4235-9b3e-f185b67d7d69
a46f2aa1-7845-4ad5-8348-a7c457af8a12,Maize,6.34,22.5,0.92,62.0,reference_generated,reference_v1,960db350-9ee8-4235-9b3e-f185b67d7d69
f68259af-0b50-4690-837f-ed5b24cb6d65,Maize,6.43,23.0,0.56,68.3,reference_generated,reference_v1,960db350-9ee8-4235-9b3e-f185b67d7d69
7cc8f318-0801-467b-82fa-d9f75ca8c320,Maize,6.16,28.8,1.35,64.4,reference_generated,reference_v1,960db350-9ee8-4235-9b3e-f185b67d7d69
a2981709-bcec-4168-8d09-4794667922af,Maize,6.53,22.1,1.25,55.8,reference_generated,reference_v1,960db350-9ee8-4235-9b3e-f185b67d7d69
9c48a01d-568c-4c7e-a962-e539e183fd92,Maize,6.08,22.9,0.77,59.0,reference_generated,reference_v1,960db350-9ee8-4235-9b3e-f185b67d7d69
1e617704-4cce-4e70-ae0e-a8061ac194c5,Maize,5.72,28.3,0.47,66.6,reference_generated,reference_v1,960db350-9ee8-4235-9b3e-f185b67d7d69
a60cd6e9-0dc4-4b33-805c-f149247cf9f2,Maize,5.7,29.0,1.21,62.7,reference_generated,reference_v1,960db350-9ee8-4235-9b3e-f185b67d7d69
8dc9ff38-f02c-46cf-9d03-32c6bd258b40,Maize,6.16,29.1,0.57,52.8,reference_generated,reference_v1,960db350-9ee8-4235-9b3e-f185b67d7d69
320a9b6a-6520-4819-8266-c7064a21dff1,Maize,6.4,31.1,0.74,65.6,reference_generated,reference_v1,960db350-9ee8-4235-9b3e-f185b67d7d69
f1174a05-1ed1-4960-867b-ac9504ad03c5,Maize,5.87,20.4,1.26,78.2,reference_generated,reference_v1,960db350-9ee8-4235-9b3e-f185b67d7d69
528f4d55-7867-4f56-821f-1bca10b6e705,Maize,5.81,27.0,0.49,67.8,reference_generated,reference_v1,960db350-9ee8-4235-9b3e-f185b67d7d69
6b66d0c9-f6b2-4838-93ed-2a58e273d3df,Maize,5.6,19.4,0.34,58.5,reference_generated,reference_v1,960db350-9ee8-4235-9b3e-f185b67d7d69
d88df6ee-2bd5-41ca-9dc6-7d8664269354,Maize,5.86,25.7,0.3,70.2,reference_generated,reference_v1,960db350-9ee8-4235-9b3e-f185b67d7d69
1f84298c-553b-4ca7-9839-be383545328d,Maize,5.92,29.9,1.2,74.1,reference_generated,reference_v1,960db350-9ee8-4235-9b3e-f185b67d7d69
1193caca-28fd-4b1b-979f-9a846358a85f,Maize,5.81,21.1,1.19,70.3,reference_generated,reference_v1,960db350-9ee8-4235-9b3e-f185b67d7d69
44f6d55d-2d6c-470f-8c44-95ae650d47f0,Maize,5.39,29.4,0.84,65.2,reference_generated,reference_v1,960db350-9ee8-4235-9b3e-f185b67d7d69
48ddaa72-6f9b-47c9-8598-3469432eb9b6,Maize,6.64,31.3,1.29,56.4,reference_generated,reference_v1,960db350-9ee8-4235-9b3e-f185b67d7d69
ff3c5ab7-3b20-4def-a5d5-550bc95e4166,Maize,6.76,21.2,0.75,61.0,reference_generated,reference_v1,960db350-9ee8-4235-9b3e-f185b67d7d69
0caeda0e-4fab-4be4-8cee-a4e1073b83eb,Maize,5.71,26.3,0.8,72.7,reference_generated,reference_v1,960db350-9ee8-4235-9b3e-f185b67d7d69
b8512d6a-3569-4b27-bd66-694dd18c2418,Maize,6.21,26.0,0.73,67.3,reference_generated,reference_v1,960db350-9ee8-4235-9b3e-f185b67d7d69
1fe04725-8fcd-4d19-a126-f6b36415dcf9,Maize,5.57,32.3,0.27,74.3,reference_generated,reference_v1,960db350-9ee8-4235-9b3e-f185b67d7d69
46f3a3e7-1de4-4ddd-8d3e-e1bff4a0b9f8,Maize,5.69,24.3,0.7,57.5,reference_generated,reference_v1,960db350-9ee8-4235-9b3e-f185b67d7d69
cdc6f1b3-706a-4104-9ccc-1f1691bed048,Maize,5.07,19.7,0.38,65.4,reference_generated,reference_v1,960db350-9ee8-4235-9b3e-f185b67d7d69
8db431e0-1b15-4904-94ed-0fa01fda4d67,Maize,5.75,28.4,0.59,59.7,reference_generated,reference_v1,960db350-9ee8-4235-9b3e-f185b67d7d69
d613cad5-a595-4331-980b-c510be1ac287,Maize,6.23,30.8,1.2,73.7,reference_generated,reference_v1,960db350-9ee8-4235-9b3e-f185b67d7d69
dea20c51-89fc-4cdb-9139-e7bbf6defe54,Maize,5.86,31.1,0.24,62.2,reference_generated,reference_v1,960db350-9ee8-4235-9b3e-f185b67d7d69
a7d5e29f-fa8d-41d2-9b18-7d003b1f24ed,Maize,5.97,22.9,0.67,52.2,reference_generated,reference_v1,960db350-9ee8-4235-9b3e-f185b67d7d69
4b526bd6-88b9-40f7-8ab0-63eb8fbfc820,Maize,6.5,23.9,0.65,66.4,reference_generated,reference_v1,960db350-9ee8-4235-9b3e-f185b67d7d69
d27f34a9-6b8b-47fb-bdb8-43c9b8d2bd49,Maize,6.03,29.3,1.03,66.4,reference_generated,reference_v1,960db350-9ee8-4235-9b3e-f185b67d7d69
992cd382-156f-4bbf-8a79-09431fa52b6c,Maize,5.62,21.8,0.5,78.1,reference_generated,reference_v1,960db350-9ee8-4235-9b3e-f185b67d7d69
ef78684f-e070-494e-a339-7f03bb14fb6d,Maize,6.38,26.8,1.09,69.2,reference_generated,reference_v1,960db350-9ee8-4235-9b3e-f185b67d7d69
ab51bf18-4b1b-4f26-983f-c05b00d0250a,Maize,5.75,24.3,0.56,53.8,reference_generated,reference_v1,960db350-9ee8-4235-9b3e-f185b67d7d69
8164733c-5c64-48a1-b3c4-8d57d1a7e396,Maize,6.77,22.6,1.23,72.7,reference_generated,reference_v1,960db350-9ee8-4235-9b3e-f185b67d7d69
433f6035-057b-4c33-a087-f5e80d9145b4,Maize,5.87,25.0,1.04,60.7,reference_generated,reference_v1,960db350-9ee8-4235-9b3e-f185b67d7d69
2f7e8684-d187-44d4-9231-bfefa40cc3e7,Maize,5.45,21.0,0.97,58.5,reference_generated,reference_v1,960db350-9ee8-4235-9b3e-f185b67d7d69
36187dc2-85d7-439f-8e22-22b5d66618e8,Maize,5.8,30.7,0.64,68.2,reference_generated,reference_v1,960db350-9ee8-4235-9b3e-f185b67d7d69
e85a9120-d36e-43be-ab31-305486cf385a,Maize,6.07,24.7,0.41,71.8,reference_generated,reference_v1,960db350-9ee8-4235-9b3e-f185b67d7d69
9286c367-a6fc-4d38-828f-077e455731ea,Maize,6.64,24.4,0.8,63.2,reference_generated,reference_v1,960db350-9ee8-4235-9b3e-f185b67d7d69
139a3e61-8cb6-49d4-8b28-60269a60b0d6,Maize,5.78,20.6,1.26,60.4,reference_generated,reference_v1,960db350-9ee8-4235-9b3e-f185b67d7d69
004491ec-bd7f-4ac1-ab00-ca39d8a94e54,Maize,5.39,25.2,0.54,57.6,reference_generated,reference_v1,960db350-9ee8-4235-9b3e-f185b67d7d69
19fd1a33-42ba-4386-b54c-65862eb6f1ad,Maize,5.47,20.9,1.28,73.1,reference_generated,reference_v1,960db350-9ee8-4235-9b3e-f185b67d7d69
453d37a8-2158-4b2d-bf87-7732d6bb139e,Maize,5.32,20.6,1.28,58.8,reference_generated,reference_v1,960db350-9ee8-4235-9b3e-f185b67d7d69
58e8960d-826d-4835-85a4-15d52e214807,Maize,6.22,22.5,0.55,72.8,reference_generated,reference_v1,960db350-9ee8-4235-9b3e-f185b67d7d69
73c6725b-341c-4a2b-83f2-c5f23006e014,Maize,5.81,19.3,0.97,71.8,reference_generated,reference_v1,960db350-9ee8-4235-9b3e-f185b67d7d69
d262cbcc-18d6-4ec9-af91-cde26c8d06b6,Maize,6.3,20.9,1.46,72.4,reference_generated,reference_v1,960db350-9ee8-4235-9b3e-f185b67d7d69
cc2937de-34c3-4459-b84d-bc4b68f82631,Maize,6.46,26.2,0.64,59.8,reference_generated,reference_v1,960db350-9ee8-4235-9b3e-f185b67d7d69
cb1862b7-1c2e-41ee-a436-a7131c9bc2d9,Maize,5.8,24.2,1.12,64.0,reference_generated,reference_v1,960db350-9ee8-4235-9b3e-f185b67d7d69
e74479ef-3346-40c2-8330-c94f5ff6902f,Maize,6.53,21.8,0.46,70.2,reference_generated,reference_v1,960db350-9ee8-4235-9b3e-f185b67d7d69
c2c6f105-bcc6-412c-b521-b28b6a962011,Maize,5.19,26.7,0.9,53.9,reference_generated,reference_v1,960db350-9ee8-4235-9b3e-f185b67d7d69
76571bd6-d7d1-4676-91ce-8b556c3216c9,Maize,6.18,27.7,0.61,53.0,reference_generated,reference_v1,960db350-9ee8-4235-9b3e-f185b67d7d69
df9fe481-ef83-4186-9aee-c3b070ae5fb2,Maize,6.46,27.9,1.0,56.0,reference_generated,reference_v1,960db350-9ee8-4235-9b3e-f185b67d7d69
5d1c6640-94b0-4e47-9e6b-b668399556bd,Maize,5.85,29.9,1.34,70.3,reference_generated,reference_v1,960db350-9ee8-4235-9b3e-f185b67d7d69
931e8d2f-a335-4bc0-84a6-3983c2661d4f,Maize,5.73,23.6,0.86,77.8,reference_generated,reference_v1,960db350-9ee8-4235-9b3e-f185b67d7d69
fb049c50-4602-4d13-a59a-ece8939f80dc,Maize,6.67,26.0,0.82,69.0,reference_generated,reference_v1,960db350-9ee8-4235-9b3e-f185b67d7d69
103b3c10-2c9e-48db-961b-a8f5e225ce34,Maize,5.53,26.3,0.5,77.0,reference_generated,reference_v1,960db350-9ee8-4235-9b3e-f185b67d7d69
4f88db33-1e8a-4736-9bdf-838238faa15a,Maize,6.05,23.1,1.44,66.0,reference_generated,reference_v1,960db350-9ee8-4235-9b3e-f185b67d7d69
39bb9b7c-686d-41e8-b3b3-3e49621e23ee,Maize,5.61,29.0,1.58,72.4,reference_generated,reference_v1,960db350-9ee8-4235-9b3e-f185b67d7d69
99427706-606b-4202-a1c9-709f84208ce9,Maize,5.78,30.3,1.0,60.0,reference_generated,reference_v1,960db350-9ee8-4235-9b3e-f185b67d7d69
5679fd03-35d5-4bd7-b463-d606416e07bd,Maize,5.53,20.0,1.56,72.1,reference_generated,reference_v1,960db350-9ee8-4235-9b3e-f185b67d7d69
3a0e2ec7-8cbc-4fb7-960f-f73a877a88ba,Maize,6.77,27.8,1.2,70.4,reference_generated,reference_v1,960db350-9ee8-4235-9b3e-f185b67d7d69
c8da6c79-3b30-4958-b8f0-a710b2eda44c,Maize,5.61,30.7,0.2,63.7,reference_generated,reference_v1,960db350-9ee8-4235-9b3e-f185b67d7d69
f6a8e7b7-6b9c-4cdb-8c04-7884bebea4e2,Maize,5.62,22.6,0.43,61.3,reference_generated,reference_v1,960db350-9ee8-4235-9b3e-f185b67d7d69
392936ea-6059-48e4-a6d8-8e8467ef08d1,Maize,6.27,26.8,0.68,64.8,reference_generated,reference_v1,960db350-9ee8-4235-9b3e-f185b67d7d69
4cda8708-07cb-48db-96cf-87062de95f80,Maize,5.99,26.8,1.09,53.5,reference_generated,reference_v1,960db350-9ee8-4235-9b3e-f185b67d7d69
a2f993c8-d949-40fb-91a3-b1a195f408f4,Maize,5.73,24.0,0.29,63.9,reference_generated,reference_v1,960db350-9ee8-4235-9b3e-f185b67d7d69
7c5889fe-56a2-4f40-a595-a46c5392af21,Maize,5.7,26.2,1.04,71.9,reference_generated,reference_v1,960db350-9ee8-4235-9b3e-f185b67d7d69
23bac352-0523-4805-8ce1-7cfc7eb22a83,Maize,6.07,27.3,1.36,77.0,reference_generated,reference_v1,960db350-9ee8-4235-9b3e-f185b67d7d69
0b8f84a9-5e94-4163-b6a4-a87de2e290ea,Maize,5.67,31.5,0.77,61.8,reference_generated,reference_v1,960db350-9ee8-4235-9b3e-f185b67d7d69
cf8c4e7a-fcbb-4149-8759-37ea9a3eed69,Maize,6.33,26.8,0.96,73.9,reference_generated,reference_v1,960db350-9ee8-4235-9b3e-f185b67d7d69
38f23981-9783-413f-80f1-30c673e1f6a5,Maize,6.27,31.8,1.05,53.4,reference_generated,reference_v1,960db350-9ee8-4235-9b3e-f185b67d7d69
295d43ec-49e3-4740-b487-2bff154bd4b0,Maize,6.16,23.6,1.01,76.7,reference_generated,reference_v1,960db350-9ee8-4235-9b3e-f185b67d7d69
e4e39458-0c91-4e98-9193-ee408a756471,Maize,6.04,26.0,0.68,60.4,reference_generated,reference_v1,960db350-9ee8-4235-9b3e-f185b67d7d69
5d47017e-b74a-4418-86ec-472ad704eb40,Maize,5.86,26.3,1.19,70.6,reference_generated,reference_v1,960db350-9ee8-4235-9b3e-f185b67d7d69
8862bc41-f289-4c0b-a2ee-16cce3e6de76,Maize,5.94,28.2,0.72,56.7,reference_generated,reference_v1,960db350-9ee8-4235-9b3e-f185b67d7d69
da68fef7-e4fa-49de-a828-858c7587fd35,Maize,5.93,23.2,0.99,62.3,reference_generated,reference_v1,960db350-9ee8-4235-9b3e-f185b67d7d69
3970c22a-dfc6-47c1-93fb-c11839625bf3,Maize,6.71,31.0,0.84,64.8,reference_generated,reference_v1,960db350-9ee8-4235-9b3e-f185b67d7d69
cd3bc301-2060-4201-9e68-e6885b149ebe,Maize,5.48,26.7,0.69,65.3,reference_generated,reference_v1,960db350-9ee8-4235-9b3e-f185b67d7d69
fd61827d-f8d5-4d1f-a49c-aefbcde480f5,Maize,5.79,23.6,0.99,67.6,reference_generated,reference_v1,960db350-9ee8-4235-9b3e-f185b67d7d69
6d99e92d-bae5-47cd-bba2-92ea57375b3d,Maize,5.78,21.6,1.37,66.6,reference_generated,reference_v1,960db350-9ee8-4235-9b3e-f185b67d7d69
2a142bab-3fa5-4f59-a319-36e068a832da,Maize,6.1,21.9,0.32,62.9,reference_generated,reference_v1,960db350-9ee8-4235-9b3e-f185b67d7d69
396ae461-5573-488d-bedb-8b18287321ba,Maize,6.65,21.2,0.88,59.7,reference_generated,reference_v1,960db350-9ee8-4235-9b3e-f185b67d7d69
b95acd7e-2121-4637-b794-841dcdaa84d1,Maize,5.85,21.2,0.39,54.8,reference_generated,reference_v1,960db350-9ee8-4235-9b3e-f185b67d7d69
643e27c1-a9da-4ca7-b84a-f009cfe75fa2,Maize,5.96,29.2,0.31,77.9,reference_generated,reference_v1,960db350-9ee8-4235-9b3e-f185b67d7d69
9133cbbf-584e-4fa2-867a-c5876d020a0c,Maize,6.42,24.0,0.53,66.0,reference_generated,reference_v1,960db350-9ee8-4235-9b3e-f185b67d7d69
0c69281c-6399-417f-a8d4-b73cf6572162,Maize,6.53,26.3,1.44,54.7,reference_generated,reference_v1,960db350-9ee8-4235-9b3e-f185b67d7d69
a407d499-6d37-407f-8525-e0712bccf26b,Maize,6.39,24.7,0.96,72.2,reference_generated,reference_v1,960db350-9ee8-4235-9b3e-f185b67d7d69
4ce37ccf-e77b-424b-ab09-e02983929ae4,Maize,5.67,27.1,0.71,71.0,reference_generated,reference_v1,960db350-9ee8-4235-9b3e-f185b67d7d69
7a152a56-2df1-4019-802b-2d262c144dcb,Maize,5.48,29.6,0.67,71.8,reference_generated,reference_v1,960db350-9ee8-4235-9b3e-f185b67d7d69
fea37056-c760-47e5-831a-8227aae2f5ee,Maize,5.77,25.0,1.16,57.5,reference_generated,reference_v1,960db350-9ee8-4235-9b3e-f185b67d7d69
ef4120a7-865a-48da-97ab-35e38fefed2b,Maize,6.33,25.5,0.96,70.1,reference_generated,reference_v1,960db350-9ee8-4235-9b3e-f185b67d7d69
a5a2767a-5449-4348-940d-d465f0fcc34e,Maize,6.11,24.4,0.68,68.4,reference_generated,reference_v1,960db350-9ee8-4235-9b3e-f185b67d7d69
ba842e95-0b69-40a9-9f12-bfc297215124,Maize,6.11,25.5,0.4,69.7,reference_generated,reference_v1,960db350-9ee8-4235-9b3e-f185b67d7d69
665cce87-c976-489d-9072-333cad1dc75b,Maize,5.74,27.1,0.51,78.8,reference_generated,reference_v1,960db350-9ee8-4235-9b3e-f185b67d7d69
63c738b8-352a-4836-936e-423bac9960ab,Maize,6.76,27.6,1.46,76.3,reference_generated,reference_v1,960db350-9ee8-4235-9b3e-f185b67d7d69
fe95cbf8-4c9c-4100-9c20-9e39d9ce7f75,Maize,6.68,22.0,0.99,54.6,reference_generated,reference_v1,960db350-9ee8-4235-9b3e-f185b67d7d69
4063a71e-a234-4907-bf09-c8fb64a03f28,Maize,5.94,22.2,0.64,68.5,reference_generated,reference_v1,960db350-9ee8-4235-9b3e-f185b67d7d69
dc02b9aa-75a6-4590-9b86-31bb3f1d7930,Maize,5.42,29.1,1.09,64.0,reference_generated,reference_v1,960db350-9ee8-4235-9b3e-f185b67d7d69
001854d9-e2ba-439e-a39a-d5e592404b5f,Maize,6.94,26.2,1.21,58.8,reference_generated,reference_v1,960db350-9ee8-4235-9b3e-f185b67d7d69
dcd12f12-6831-490a-8cd0-ad2015f5b58a,Maize,6.95,24.7,0.66,57.7,reference_generated,reference_v1,960db350-9ee8-4235-9b3e-f185b67d7d69
f00c49bd-bb7e-4d08-ad24-46c9e361fdc9,Maize,6.67,31.5,0.74,54.1,reference_generated,reference_v1,960db350-9ee8-4235-9b3e-f185b67d7d69
9fe2e3f1-9489-4608-9999-d5d596c06796,Maize,5.79,19.3,0.83,61.2,reference_generated,reference_v1,960db350-9ee8-4235-9b3e-f185b67d7d69
8e82d2af-3f47-4f04-b72e-32fc7dd31144,Maize,5.95,25.1,1.31,59.5,reference_generated,reference_v1,960db350-9ee8-4235-9b3e-f185b67d7d69
2613eb1f-8753-430e-a6c2-44e7ec718b45,Maize,5.49,24.6,1.44,73.5,reference_generated,reference_v1,960db350-9ee8-4235-9b3e-f185b67d7d69
8ed1e20c-6c4f-4715-9662-7b0314ccfe2f,Maize,6.55,28.4,0.89,67.3,reference_generated,reference_v1,960db350-9ee8-4235-9b3e-f185b67d7d69
a1aedeb0-21c1-48ab-8f15-10eee33cf258,Maize,6.18,27.4,1.33,77.5,reference_generated,reference_v1,960db350-9ee8-4235-9b3e-f185b67d7d69
3c226bb1-8671-408e-b0d0-12fbc640faf3,Maize,5.91,25.4,0.19,68.0,reference_generated,reference_v1,960db350-9ee8-4235-9b3e-f185b67d7d69
d96da6a2-7124-4745-b2ac-6d5bafa4fea9,Maize,5.41,29.8,0.64,55.3,reference_generated,reference_v1,960db350-9ee8-4235-9b3e-f185b67d7d69
2a0774a8-a512-43d7-b397-60088ece9ab5,Maize,6.2,20.9,1.36,70.5,reference_generated,reference_v1,960db350-9ee8-4235-9b3e-f185b67d7d69
0da45912-80ee-40a3-8df6-0af92af9ccf3,Maize,6.51,25.7,0.88,66.7,reference_generated,reference_v1,960db350-9ee8-4235-9b3e-f185b67d7d69
da40e4ce-1189-45b5-9528-5357368898c8,Maize,6.58,26.0,1.11,67.6,reference_generated,reference_v1,960db350-9ee8-4235-9b3e-f185b67d7d69
46e5bd28-7228-47a7-b796-ab89f22bd9b1,Maize,5.82,30.1,0.72,60.9,reference_generated,reference_v1,960db350-9ee8-4235-9b3e-f185b67d7d69
fbb8e264-2c11-4e6c-8f4c-df9d078922de,Maize,6.47,31.5,1.05,70.8,reference_generated,reference_v1,960db350-9ee8-4235-9b3e-f185b67d7d69
1209bfe1-614d-4983-894e-70fba3d5e324,Maize,5.55,29.8,0.97,57.7,reference_generated,reference_v1,960db350-9ee8-4235-9b3e-f185b67d7d69
2f2c0de9-a3c7-4e9c-bfdf-bedaa1729b03,Maize,5.8,24.0,1.21,53.8,reference_generated,reference_v1,960db350-9ee8-4235-9b3e-f185b67d7d69
9105f70d-bf7d-4b94-a086-57223f00f8e6,Maize,6.28,22.8,0.5,52.9,reference_generated,reference_v1,960db350-9ee8-4235-9b3e-f185b67d7d69
d4735af9-2b1d-43f4-a693-03487c39306e,Maize,6.5,23.5,0.27,59.5,reference_generated,reference_v1,960db350-9ee8-4235-9b3e-f185b67d7d69
6641483a-c087-4f71-acfe-2908cef5729a,Maize,5.66,22.3,0.44,60.6,reference_generated,reference_v1,960db350-9ee8-4235-9b3e-f185b67d7d69
627573e6-2ea4-44ec-a528-ddd958986c2d,Maize,5.44,20.7,1.31,62.5,reference_generated,reference_v1,960db350-9ee8-4235-9b3e-f185b67d7d69
a43ca879-6316-4637-9901-91fdae04d02f,Maize,6.32,29.7,0.33,65.0,reference_generated,reference_v1,960db350-9ee8-4235-9b3e-f185b67d7d69
56e1c765-a6c3-4ea8-b4c6-e9de24bdc7ae,Maize,6.38,29.5,0.68,77.0,reference_generated,reference_v1,960db350-9ee8-4235-9b3e-f185b67d7d69
85f036b2-3c01-434f-8e48-9d38a58c2f27,Maize,6.28,25.7,0.63,75.1,reference_generated,reference_v1,960db350-9ee8-4235-9b3e-f185b67d7d69
62e1155e-521c-4b3d-86be-4c36946a06c9,Maize,5.25,24.3,1.22,68.2,reference_generated,reference_v1,960db350-9ee8-4235-9b3e-f185b67d7d69
226fca4c-5dcc-426d-9c9e-9aeccbbe9062,Maize,6.86,28.5,0.91,54.9,reference_generated,reference_v1,960db350-9ee8-4235-9b3e-f185b67d7d69
7364970b-b7ed-443d-87f7-9173c4d3c6d5,Maize,6.1,24.6,1.21,76.7,reference_generated,reference_v1,960db350-9ee8-4235-9b3e-f185b67d7d69
0e209aae-1e32-49fa-93c6-41661b44c7d1,Maize,6.19,24.1,0.28,59.2,reference_generated,reference_v1,960db350-9ee8-4235-9b3e-f185b67d7d69
1d4ed729-b503-400a-8047-8989a2325587,Maize,6.55,24.4,0.56,56.6,reference_generated,reference_v1,960db350-9ee8-4235-9b3e-f185b67d7d69
e58945ea-9d89-4a61-ba9a-1d24d9690426,Maize,6.57,29.8,1.24,70.9,reference_generated,reference_v1,960db350-9ee8-4235-9b3e-f185b67d7d69
70431747-73ac-4189-97b9-13b69e17ab4c,Maize,6.65,22.2,0.81,61.1,reference_generated,reference_v1,960db350-9ee8-4235-9b3e-f185b67d7d69
a56b7d35-d9e0-46c4-96d4-cd436a2f97a4,Maize,5.62,28.7,0.75,68.1,reference_generated,reference_v1,960db350-9ee8-4235-9b3e-f185b67d7d69
80391919-5cf2-471b-9374-027b4ccd29db,Maize,6.71,26.9,0.83,71.5,reference_generated,reference_v1,960db350-9ee8-4235-9b3e-f185b67d7d69
7021ac01-8203-4372-9d18-e2fac0f404cd,Maize,6.2,31.2,0.9,58.1,reference_generated,reference_v1,960db350-9ee8-4235-9b3e-f185b67d7d69
612f475b-8925-4122-a2e3-b770760dc73a,Maize,5.77,23.3,0.75,73.6,reference_generated,reference_v1,960db350-9ee8-4235-9b3e-f185b67d7d69
298e381a-477a-41a8-ba8d-0db3841a4607,Maize,5.82,20.9,0.4,63.3,reference_generated,reference_v1,960db350-9ee8-4235-9b3e-f185b67d7d69
382bc04d-f5c2-4321-b202-881588d62f9d,Maize,6.29,26.5,1.11,65.6,reference_generated,reference_v1,960db350-9ee8-4235-9b3e-f185b67d7d69
ca5ffd65-8abb-4fcf-acea-f267f1b9c8d9,Maize,5.95,21.6,1.24,71.7,reference_generated,reference_v1,960db350-9ee8-4235-9b3e-f185b67d7d69
a8b74ed3-6776-451e-b011-b619e9be3c5f,Maize,6.3,21.3,0.59,56.9,reference_generated,reference_v1,960db350-9ee8-4235-9b3e-f185b67d7d69
f4e74e65-4ce0-405b-aef9-e35e4efe7485,Maize,6.11,29.9,0.79,65.2,reference_generated,reference_v1,960db350-9ee8-4235-9b3e-f185b67d7d69
a06b13c9-c216-4190-b7e0-d6be1172da22,Maize,5.7,30.8,1.05,56.5,reference_generated,reference_v1,960db350-9ee8-4235-9b3e-f185b67d7d69
aa8c5cca-9a42-47f6-bed0-440d504c0687,Maize,6.59,25.2,1.43,56.9,reference_generated,reference_v1,960db350-9ee8-4235-9b3e-f185b67d7d69
eceaf9da-9055-4ea0-ace2-d8ec8063c263,Maize,6.8,24.6,0.86,59.3,reference_generated,reference_v1,960db350-9ee8-4235-9b3e-f185b67d7d69
523c5c6a-a9a4-453b-882c-e4e648a0523f,Maize,5.93,24.8,0.87,66.9,reference_generated,reference_v1,960db350-9ee8-4235-9b3e-f185b67d7d69
0eba6a3e-9ea2-4f51-98d1-2523e25053ad,Maize,6.25,28.8,0.84,61.0,reference_generated,reference_v1,960db350-9ee8-4235-9b3e-f185b67d7d69
a7526662-0e54-4f56-9a68-0517685fcf55,Maize,6.27,23.5,0.87,70.1,reference_generated,reference_v1,960db350-9ee8-4235-9b3e-f185b67d7d69
df0c9539-2e90-449d-8a81-54fd3f8fefba,Maize,6.37,18.5,0.84,66.2,reference_generated,reference_v1,960db350-9ee8-4235-9b3e-f185b67d7d69
3a4765ad-ca80-473e-b2ed-7af2d6fb850b,Maize,6.95,21.7,0.97,64.2,reference_generated,reference_v1,960db350-9ee8-4235-9b3e-f185b67d7d69
160be9f0-2499-4f6f-916e-faaaf84b928c,Maize,6.24,22.3,0.69,52.4,reference_generated,reference_v1,960db350-9ee8-4235-9b3e-f185b67d7d69
0ef9bf36-77d5-47aa-b865-76c245086976,Maize,5.21,23.8,1.65,63.2,reference_generated,reference_v1,960db350-9ee8-4235-9b3e-f185b67d7d69
65bba6d1-b32d-4cd8-bfff-d90344fac68e,Maize,6.61,28.3,0.59,59.6,reference_generated,reference_v1,960db350-9ee8-4235-9b3e-f185b67d7d69
43312722-6fe2-4dd3-be28-c14ed5818b46,Maize,5.43,30.1,1.55,74.4,reference_generated,reference_v1,960db350-9ee8-4235-9b3e-f185b67d7d69
32e5df6f-dd20-4b98-8bc8-8aea947e40a4,Maize,6.03,22.4,0.65,65.3,reference_generated,reference_v1,960db350-9ee8-4235-9b3e-f185b67d7d69
2286fcb8-5b2c-4f47-8da7-7871173e4e22,Maize,5.85,25.3,1.11,69.9,reference_generated,reference_v1,960db350-9ee8-4235-9b3e-f185b67d7d69
210bfe52-5f09-4f7d-9407-ec52bfc9c1eb,Maize,5.7,29.5,1.05,64.4,reference_generated,reference_v1,960db350-9ee8-4235-9b3e-f185b67d7d69
be4c20a0-f087-4441-b81d-9aafe873c74f,Maize,5.7,22.7,1.04,68.2,reference_generated,reference_v1,960db350-9ee8-4235-9b3e-f185b67d7d69
06f132da-7951-4076-9805-b5758132bc44,Maize,6.11,29.9,0.72,75.7,reference_generated,reference_v1,960db350-9ee8-4235-9b3e-f185b67d7d69
132f8f2f-ae68-4d31-b643-c2912e8cb640,Maize,6.75,21.5,1.24,68.4,reference_generated,reference_v1,960db350-9ee8-4235-9b3e-f185b67d7d69
8864888b-6664-4ab5-b62c-93cd4865e584,Maize,6.45,25.3,0.49,72.2,reference_generated,reference_v1,960db350-9ee8-4235-9b3e-f185b67d7d69
87497db3-59a7-40f1-8d80-4c416582f525,Maize,5.4,25.1,0.99,65.7,reference_generated,reference_v1,960db350-9ee8-4235-9b3e-f185b67d7d69
3d13c25f-5dfe-4c99-b86a-aeb6dd0d2c3d,Maize,5.89,27.8,0.59,73.9,reference_generated,reference_v1,960db350-9ee8-4235-9b3e-f185b67d7d69
a25ca7cc-fcd8-487b-8812-bad475fef4e3,Maize,5.98,21.5,0.64,74.4,reference_generated,reference_v1,960db350-9ee8-4235-9b3e-f185b67d7d69
821cc290-af8a-43e9-af4f-6b9aee42e40a,Maize,5.33,29.2,0.38,78.0,reference_generated,reference_v1,960db350-9ee8-4235-9b3e-f185b67d7d69
d0a08045-3e71-4eaf-8bac-897acb8b96e0,Maize,5.61,26.5,0.98,52.9,reference_generated,reference_v1,960db350-9ee8-4235-9b3e-f185b67d7d69
f3a9c0bc-a45b-46fa-8fb4-a9a59f3adf4b,Maize,6.84,28.2,1.05,66.6,reference_generated,reference_v1,960db350-9ee8-4235-9b3e-f185b67d7d69
c8173da8-29f1-4aac-a511-64efd160670a,Tomato,5.91,22.8,0.9,63.3,reference_generated,reference_v1,960db350-9ee8-4235-9b3e-f185b67d7d69
30e3c164-8c1e-418b-ba12-98a03e62f616,Tomato,6.42,24.8,1.13,67.5,reference_generated,reference_v1,960db350-9ee8-4235-9b3e-f185b67d7d69
162fc36e-a6c0-4e63-af8d-63582720e4f5,Tomato,6.78,24.0,1.19,61.4,reference_generated,reference_v1,960db350-9ee8-4235-9b3e-f185b67d7d69
3136d085-c47b-4693-99a4-074c3ac071c3,Tomato,6.2,21.2,0.74,66.2,reference_generated,reference_v1,960db350-9ee8-4235-9b3e-f185b67d7d69
bd155485-911d-4427-a1e6-ad1e5d62cba8,Tomato,5.94,23.3,1.27,72.4,reference_generated,reference_v1,960db350-9ee8-4235-9b3e-f185b67d7d69
72402dc9-7ca9-4ae4-9ff3-1bc717e20b7e,Tomato,6.17,22.1,1.29,72.7,reference_generated,reference_v1,960db350-9ee8-4235-9b3e-f185b67d7d69
f1160502-8b88-4b9d-a58e-2330c90c4388,Tomato,6.24,23.1,1.73,70.6,reference_generated,reference_v1,960db350-9ee8-4235-9b3e-f185b67d7d69
7f6d4b0e-ab20-4802-92b5-d3a1267debaf,Tomato,6.48,23.3,1.47,73.8,reference_generated,reference_v1,960db350-9ee8-4235-9b3e-f185b67d7d69
fece44a6-62ed-4775-8e85-64074cfdee4c,Tomato,5.89,21.7,1.04,64.2,reference_generated,reference_v1,960db350-9ee8-4235-9b3e-f185b67d7d69
abb629d3-2453-4500-8820-15cbd88cd746,Tomato,6.64,25.9,0.83,57.2,reference_generated,reference_v1,960db350-9ee8-4235-9b3e-f185b67d7d69
85a58633-1b16-44fa-8970-c033912efd71,Tomato,6.59,22.6,2.24,63.2,reference_generated,reference_v1,960db350-9ee8-4235-9b3e-f185b67d7d69
a95c5a2e-ca75-4d11-ad51-778bdc469e79,Tomato,6.07,26.1,2.37,65.3,reference_generated,reference_v1,960db350-9ee8-4235-9b3e-f185b67d7d69
36a4873f-1d63-49f8-bec6-a03880e85fe3,Tomato,6.22,23.7,0.78,67.3,reference_generated,reference_v1,960db350-9ee8-4235-9b3e-f185b67d7d69
845a830e-d2ea-4c4a-be55-3760cbf9c7c4,Tomato,6.0,25.3,1.36,59.9,reference_generated,reference_v1,960db350-9ee8-4235-9b3e-f185b67d7d69
0354ec91-b35f-473e-8565-e751de190b00,Tomato,6.2,20.9,2.27,65.9,reference_generated,reference_v1,960db350-9ee8-4235-9b3e-f185b67d7d69
de82b874-2a87-4f3d-b7b3-b742cbf0dd9e,Tomato,5.9,20.8,0.83,63.0,reference_generated,reference_v1,960db350-9ee8-4235-9b3e-f185b67d7d69
1fa68724-34ba-4bfb-9d07-b1066df33594,Tomato,6.39,24.1,1.5,70.9,reference_generated,reference_v1,960db350-9ee8-4235-9b3e-f185b67d7d69
26489a6b-52e9-4406-b2ab-e4f018a6b143,Tomato,5.92,24.5,1.6,65.8,reference_generated,reference_v1,960db350-9ee8-4235-9b3e-f185b67d7d69
a07f2551-36bb-400e-8dae-30d29a1d1f51,Tomato,6.18,26.6,1.8,51.0,reference_generated,reference_v1,960db350-9ee8-4235-9b3e-f185b67d7d69
32750bad-de07-4c5c-8b90-58a3b4139b12,Tomato,6.49,23.7,2.18,64.1,reference_generated,reference_v1,960db350-9ee8-4235-9b3e-f185b67d7d69
5458d3b1-65f7-44e9-b4d0-89abbf3fd777,Tomato,5.59,23.0,1.42,61.9,reference_generated,reference_v1,960db350-9ee8-4235-9b3e-f185b67d7d69
b41dcc30-54eb-4270-acf9-cc0a18a18ce6,Tomato,6.11,23.0,1.12,77.8,reference_generated,reference_v1,960db350-9ee8-4235-9b3e-f185b67d7d69
4dfc279f-fd6f-42a3-b965-bc717c8545f5,Tomato,5.78,21.3,1.65,71.6,reference_generated,reference_v1,960db350-9ee8-4235-9b3e-f185b67d7d69
7efd3d0b-7383-437e-a961-a38c46e13854,Tomato,6.09,24.9,1.43,64.3,reference_generated,reference_v1,960db350-9ee8-4235-9b3e-f185b67d7d69
a2ee8544-0ebd-436a-adc8-64f9208f357a,Tomato,6.48,23.5,1.5,73.0,reference_generated,reference_v1,960db350-9ee8-4235-9b3e-f185b67d7d69
96383f66-744b-4c25-aa16-260744c34130,Tomato,6.54,22.1,0.71,58.7,reference_generated,reference_v1,960db350-9ee8-4235-9b3e-f185b67d7d69
d6ab6e47-c2a6-42ea-ad54-732470a74637,Tomato,6.35,22.5,1.13,61.2,reference_generated,reference_v1,960db350-9ee8-4235-9b3e-f185b67d7d69
bc90f53c-9a37-4caa-848d-0067741c1258,Tomato,6.13,23.5,1.47,65.9,reference_generated,reference_v1,960db350-9ee8-4235-9b3e-f185b67d7d69
08504911-f3e1-4fe4-b0aa-03a5d9830364,Tomato,6.26,26.8,1.53,76.6,reference_generated,reference_v1,960db350-9ee8-4235-9b3e-f185b67d7d69
902d1685-06bb-4e59-a5f4-2f1c97852a22,Tomato,6.28,24.7,0.87,56.2,reference_generated,reference_v1,960db350-9ee8-4235-9b3e-f185b67d7d69
4f51c22c-2a24-4ceb-9fd1-d58756faa544,Tomato,6.42,21.3,1.63,70.8,reference_generated,reference_v1,960db350-9ee8-4235-9b3e-f185b67d7d69
b3787016-6879-4189-a806-9d25d545729b,Tomato,6.06,24.3,1.01,68.5,reference_generated,reference_v1,960db350-9ee8-4235-9b3e-f185b67d7d69
21e9812e-6fbc-43ce-bad9-8aeac842a151,Tomato,6.16,24.2,2.4,58.9,reference_generated,reference_v1,960db350-9ee8-4235-9b3e-f185b67d7d69
2270d5e3-2e26-4bcf-a902-772200ba0bc4,Tomato,5.88,23.8,1.45,76.0,reference_generated,reference_v1,960db350-9ee8-4235-9b3e-f185b67d7d69
c4f8aa2a-05d0-4371-8686-7bec4bca465e,Tomato,6.13,24.9,2.28,69.1,reference_generated,reference_v1,960db350-9ee8-4235-9b3e-f185b67d7d69
80670e91-b9c3-49f5-802b-8cdad0c189d2,Tomato,6.6,24.7,1.44,67.7,reference_generated,reference_v1,960db350-9ee8-4235-9b3e-f185b67d7d69
7e1842c4-034f-4f5a-ad27-124954e3a624,Tomato,6.16,20.8,0.58,68.2,reference_generated,reference_v1,960db350-9ee8-4235-9b3e-f185b67d7d69
337ada3c-00f1-4727-93b1-07e69dc644a4,Tomato,5.97,24.4,0.68,70.4,reference_generated,reference_v1,960db350-9ee8-4235-9b3e-f185b67d7d69
1914ed85-1365-443c-b778-ee8b0ba67a51,Tomato,5.8,22.0,1.41,58.9,reference_generated,reference_v1,960db350-9ee8-4235-9b3e-f185b67d7d69
884aac84-d0ba-41a2-9a26-3f270d327221,Tomato,5.82,22.6,2.12,68.0,reference_generated,reference_v1,960db350-9ee8-4235-9b3e-f185b67d7d69
986fa5f9-2612-4641-99f5-ee17a80fd1c7,Tomato,5.66,22.4,0.75,74.2,reference_generated,reference_v1,960db350-9ee8-4235-9b3e-f185b67d7d69
c512a408-681f-4504-8bd6-62f89c00ca33,Tomato,5.54,22.5,0.4,60.0,reference_generated,reference_v1,960db350-9ee8-4235-9b3e-f185b67d7d69
0e1d11f0-c507-48f2-85c1-fe63cc3ee469,Tomato,6.01,22.0,2.25,69.9,reference_generated,reference_v1,960db350-9ee8-4235-9b3e-f185b67d7d69
e66c1619-79b6-40fe-86b2-39c4c7187f14,Tomato,5.8,22.0,0.64,61.5,reference_generated,reference_v1,960db350-9ee8-4235-9b3e-f185b67d7d69
0cac8538-d439-4a19-a3e5-157eb2e41526,Tomato,5.87,26.5,1.13,65.7,reference_generated,reference_v1,960db350-9ee8-4235-9b3e-f185b67d7d69
102f04e8-fc28-42ec-9222-8c7938493342,Tomato,6.4,20.7,1.25,58.2,reference_generated,reference_v1,960db350-9ee8-4235-9b3e-f185b67d7d69
90b0f1e9-9d23-4d37-abff-459988a1b59d,Tomato,6.04,24.8,0.33,60.3,reference_generated,reference_v1,960db350-9ee8-4235-9b3e-f185b67d7d69
b9cc2b7d-926d-4e01-a3df-13f3f232d0ba,Tomato,6.12,21.4,1.51,62.7,reference_generated,reference_v1,960db350-9ee8-4235-9b3e-f185b67d7d69
4235aed1-be86-47dd-aa5f-578bdabe805d,Tomato,5.69,24.8,0.77,65.4,reference_generated,reference_v1,960db350-9ee8-4235-9b3e-f185b67d7d69
bc266304-418d-4ce1-a383-78e244211e4b,Tomato,6.69,22.5,0.64,59.1,reference_generated,reference_v1,960db350-9ee8-4235-9b3e-f185b67d7d69
975853a7-d451-4089-9c1f-ae11d81e171e,Tomato,6.37,23.0,2.28,67.2,reference_generated,reference_v1,960db350-9ee8-4235-9b3e-f185b67d7d69
eb0cbe25-2e03-4b86-b09c-6bd5733b2186,Tomato,5.88,20.6,1.7,58.3,reference_generated,reference_v1,960db350-9ee8-4235-9b3e-f185b67d7d69
e48728c6-2a37-4e73-847d-3c5a44d33c2f,Tomato,6.05,21.4,1.06,67.2,reference_generated,reference_v1,960db350-9ee8-4235-9b3e-f185b67d7d69
ad80d2c1-e04f-41df-871b-617b88f9539a,Tomato,6.41,20.3,2.27,69.7,reference_generated,reference_v1,960db350-9ee8-4235-9b3e-f185b67d7d69
fd1a5a95-c6de-4c66-a11b-76d6fd43e14f,Tomato,6.07,23.6,0.72,60.0,reference_generated,reference_v1,960db350-9ee8-4235-9b3e-f185b67d7d69
ffe8851f-e49f-468f-9a1c-0d58e06260b2,Tomato,5.82,24.3,0.98,72.8,reference_generated,reference_v1,960db350-9ee8-4235-9b3e-f185b67d7d69
636a195b-a996-421b-b390-04121213d246,Tomato,6.36,25.9,1.58,63.8,reference_generated,reference_v1,960db350-9ee8-4235-9b3e-f185b67d7d69
e13a4cab-6fda-4c2b-b1d5-b920a4ae7017,Tomato,6.53,23.1,1.78,64.5,reference_generated,reference_v1,960db350-9ee8-4235-9b3e-f185b67d7d69
81c71799-4b28-4e3d-874b-6b0bf8ac714e,Tomato,6.21,23.7,1.47,71.8,reference_generated,reference_v1,960db350-9ee8-4235-9b3e-f185b67d7d69
a60aac4e-4bc2-4934-9c96-cc360e076266,Tomato,6.64,23.2,1.28,69.8,reference_generated,reference_v1,960db350-9ee8-4235-9b3e-f185b67d7d69
61799156-9804-4f60-a9fe-b8e3fbc1b48f,Tomato,6.43,22.7,0.41,66.9,reference_generated,reference_v1,960db350-9ee8-4235-9b3e-f185b67d7d69
d0698a7d-1c8f-4d03-b555-dc3a4fa37a34,Tomato,6.34,24.9,1.49,54.7,reference_generated,reference_v1,960db350-9ee8-4235-9b3e-f185b67d7d69
efb2784a-2ba7-48b5-97df-b979de735b2a,Tomato,6.16,23.2,1.45,67.9,reference_generated,reference_v1,960db350-9ee8-4235-9b3e-f185b67d7d69
82e43806-5c0c-40d8-9bfb-182ef69d851e,Tomato,5.59,25.6,0.62,53.5,reference_generated,reference_v1,960db350-9ee8-4235-9b3e-f185b67d7d69
1f3c334c-a0f9-41e0-b81d-7193824ff030,Tomato,6.54,23.0,1.48,57.6,reference_generated,reference_v1,960db350-9ee8-4235-9b3e-f185b67d7d69
2b372452-12a8-4cf3-b946-77a2a7cebf92,Tomato,6.1,23.0,1.84,56.1,reference_generated,reference_v1,960db350-9ee8-4235-9b3e-f185b67d7d69
465a201e-042e-463a-9619-c9f5359eddd5,Tomato,6.15,25.0,1.06,69.5,reference_generated,reference_v1,960db350-9ee8-4235-9b3e-f185b67d7d69
10d45926-af21-4644-9ae0-a61d04bed6d1,Tomato,6.16,22.6,2.2,62.1,reference_generated,reference_v1,960db350-9ee8-4235-9b3e-f185b67d7d69
bfa6d1c4-1a12-400b-a91b-c1460929b81d,Tomato,6.59,24.8,1.73,69.4,reference_generated,reference_v1,960db350-9ee8-4235-9b3e-f185b67d7d69
cbd05eff-458c-4cb7-888e-7c8692b24d5c,Tomato,5.84,23.4,0.44,57.4,reference_generated,reference_v1,960db350-9ee8-4235-9b3e-f185b67d7d69
bf6d1209-a8fa-4d49-bd5d-3bcb72e85b2b,Tomato,6.07,24.0,1.41,62.4,reference_generated,reference_v1,960db350-9ee8-4235-9b3e-f185b67d7d69
62120777-6528-417f-8c5c-03d5704d6639,Tomato,6.42,24.1,1.96,58.0,reference_generated,reference_v1,960db350-9ee8-4235-9b3e-f185b67d7d69
ff415818-a877-47d6-aec7-720ac0c7d3aa,Tomato,5.92,24.0,1.93,73.0,reference_generated,reference_v1,960db350-9ee8-4235-9b3e-f185b67d7d69
d0a31743-7407-4a5e-8d48-5cf2d8e6a04b,Tomato,5.84,21.2,2.34,59.4,reference_generated,reference_v1,960db350-9ee8-4235-9b3e-f185b67d7d69
3da9ceb5-bd66-4cb9-ae20-0509e3641f7f,Tomato,6.35,21.8,1.25,60.1,reference_generated,reference_v1,960db350-9ee8-4235-9b3e-f185b67d7d69
98cbfea9-1a9a-4789-a13c-7d5b26959d60,Tomato,6.29,21.7,1.25,71.8,reference_generated,reference_v1,960db350-9ee8-4235-9b3e-f185b67d7d69
79d33711-89c7-43b9-9908-cc5de3ca0715,Tomato,6.4,23.0,1.05,66.8,reference_generated,reference_v1,960db350-9ee8-4235-9b3e-f185b67d7d69
6bc61bc9-9881-4daf-8c19-45e3c2383681,Tomato,5.88,25.6,1.84,66.2,reference_generated,reference_v1,960db350-9ee8-4235-9b3e-f185b67d7d69
c0e15b4b-09dd-44e6-b472-f5f28684cbd6,Tomato,6.2,25.7,0.7,59.8,reference_generated,reference_v1,960db350-9ee8-4235-9b3e-f185b67d7d69
7be9cfc2-5f61-4658-838d-841ad9b1f466,Tomato,6.07,26.0,0.41,68.4,reference_generated,reference_v1,960db350-9ee8-4235-9b3e-f185b67d7d69
f1d621ca-9733-4523-8b44-94e2b9d79dee,Tomato,5.9,26.6,1.62,61.8,reference_generated,reference_v1,960db350-9ee8-4235-9b3e-f185b67d7d69
999fb9da-9090-430d-8fe4-eb93d55fa954,Tomato,5.78,21.4,2.08,67.6,reference_generated,reference_v1,960db350-9ee8-4235-9b3e-f185b67d7d69
5de4eba8-86dc-4bc5-950a-acab453cc0ff,Tomato,6.63,24.3,0.88,71.1,reference_generated,reference_v1,960db350-9ee8-4235-9b3e-f185b67d7d69
6c6c3515-61bb-4989-8038-639f662b18e1,Tomato,6.53,26.2,0.75,68.2,reference_generated,reference_v1,960db350-9ee8-4235-9b3e-f185b67d7d69
d003dfb1-7f4d-404c-8385-c49fa5b1c6ad,Tomato,5.76,21.3,1.54,75.7,reference_generated,reference_v1,960db350-9ee8-4235-9b3e-f185b67d7d69
f63e8446-ee67-4ef4-9dc1-c77fa6905d08,Tomato,5.89,25.4,2.23,69.5,reference_generated,reference_v1,960db350-9ee8-4235-9b3e-f185b67d7d69
5cf32aa2-5642-4353-bc77-e41b62bb808f,Tomato,5.97,26.1,0.25,64.9,reference_generated,reference_v1,960db350-9ee8-4235-9b3e-f185b67d7d69
a88b10cb-437e-426a-b17d-1eb9d2bab8b0,Tomato,6.34,26.2,0.48,76.1,reference_generated,reference_v1,960db350-9ee8-4235-9b3e-f185b67d7d69
416e1fbe-9120-4e20-b7cb-3ca132b09cd1,Tomato,6.1,25.4,1.43,53.9,reference_generated,reference_v1,960db350-9ee8-4235-9b3e-f185b67d7d69
b4c8efa1-25ed-47e5-aa0d-0b9d678ab8b2,Tomato,6.66,22.7,1.31,63.4,reference_generated,reference_v1,960db350-9ee8-4235-9b3e-f185b67d7d69
3424e584-d301-42dd-8038-88cafec63d81,Tomato,5.96,21.4,0.26,67.3,reference_generated,reference_v1,960db350-9ee8-4235-9b3e-f185b67d7d69
9f2842c7-af69-46d4-b7b3-04b03b4386e2,Tomato,6.45,23.7,1.63,69.0,reference_generated,reference_v1,960db350-9ee8-4235-9b3e-f185b67d7d69
701fc225-35e9-42d5-9a09-2e1e96df5c39,Tomato,6.23,24.7,1.2,51.5,reference_generated,reference_v1,960db350-9ee8-4235-9b3e-f185b67d7d69
c607e983-eb72-419b-b968-4b25bd726cd8,Tomato,5.98,22.5,0.7,61.7,reference_generated,reference_v1,960db350-9ee8-4235-9b3e-f185b67d7d69
123ea028-21bf-4739-8a15-76c089231760,Tomato,6.5,21.0,0.43,67.9,reference_generated,reference_v1,960db350-9ee8-4235-9b3e-f185b67d7d69
45748744-8a70-4fed-82b6-36183c0249ab,Tomato,6.18,24.9,1.17,67.7,reference_generated,reference_v1,960db350-9ee8-4235-9b3e-f185b67d7d69
7e298fc9-ebda-4388-9091-18266452dd33,Tomato,5.84,22.4,1.62,72.7,reference_generated,reference_v1,960db350-9ee8-4235-9b3e-f185b67d7d69
aac320ca-a386-4164-a4b8-ff4e778ecc94,Tomato,6.5,21.9,1.5,63.0,reference_generated,reference_v1,960db350-9ee8-4235-9b3e-f185b67d7d69
f904f81b-089e-441c-88a8-5d4ac29911f7,Tomato,6.16,26.0,1.83,74.7,reference_generated,reference_v1,960db350-9ee8-4235-9b3e-f185b67d7d69
78f190fa-add9-4401-b692-1a8344c36044,Tomato,6.66,24.5,0.99,63.4,reference_generated,reference_v1,960db350-9ee8-4235-9b3e-f185b67d7d69
29831a46-a660-4065-a114-757cb6d6b926,Tomato,5.89,25.0,1.4,71.6,reference_generated,reference_v1,960db350-9ee8-4235-9b3e-f185b67d7d69
8c6df093-1282-443f-b84e-3858bb4cdd03,Tomato,6.21,22.5,1.98,59.9,reference_generated,reference_v1,960db350-9ee8-4235-9b3e-f185b67d7d69
408437f8-e21c-45bb-83f0-ddb7d3d36ff3,Tomato,5.9,25.9,0.5,77.1,reference_generated,reference_v1,960db350-9ee8-4235-9b3e-f185b67d7d69
6d3be597-82d5-4e76-9dbf-7685024e7db5,Tomato,6.24,20.5,1.2,64.1,reference_generated,reference_v1,960db350-9ee8-4235-9b3e-f185b67d7d69
7172c796-901c-4fc2-9ba9-408094e0feb1,Tomato,5.7,24.6,1.02,73.7,reference_generated,reference_v1,960db350-9ee8-4235-9b3e-f185b67d7d69
5d0369e9-b36e-490e-b7be-1085078c53e5,Tomato,5.86,24.7,1.25,65.6,reference_generated,reference_v1,960db350-9ee8-4235-9b3e-f185b67d7d69
8968f814-aae7-407e-8f2e-b4751a89ee11,Tomato,5.74,24.2,0.86,75.7,reference_generated,reference_v1,960db350-9ee8-4235-9b3e-f185b67d7d69
8683e4d4-cdd9-497c-834c-0216aa5d94bf,Tomato,6.23,26.1,1.43,58.4,reference_generated,reference_v1,960db350-9ee8-4235-9b3e-f185b67d7d69
a3600775-0cff-48d9-a45d-a8a08086579d,Tomato,6.05,24.4,1.95,70.6,reference_generated,reference_v1,960db350-9ee8-4235-9b3e-f185b67d7d69
d84b3793-ac9a-4f29-94e4-8a429936005f,Tomato,6.22,24.6,1.79,76.7,reference_generated,reference_v1,960db350-9ee8-4235-9b3e-f185b67d7d69
de57c8c2-4d2a-44ad-95b3-04bf1cb74ff3,Tomato,6.17,25.2,2.05,66.5,reference_generated,reference_v1,960db350-9ee8-4235-9b3e-f185b67d7d69
3a289957-7420-4036-9360-a172a770a189,Tomato,6.32,22.7,1.68,68.3,reference_generated,reference_v1,960db350-9ee8-4235-9b3e-f185b67d7d69
b5da1e2e-3e26-4a8c-9516-39d3c64f1a65,Tomato,5.68,25.4,1.18,63.2,reference_generated,reference_v1,960db350-9ee8-4235-9b3e-f185b67d7d69
be4f0c96-6041-4024-a1a1-979722e28a75,Tomato,5.63,23.6,1.33,53.3,reference_generated,reference_v1,960db350-9ee8-4235-9b3e-f185b67d7d69
fcaf6921-524f-48d4-8540-0ae1e69f00be,Tomato,6.14,21.8,2.25,54.3,reference_generated,reference_v1,960db350-9ee8-4235-9b3e-f185b67d7d69
b5bd9fe9-e5ba-4f56-b895-516ff1f42107,Tomato,6.35,25.4,0.72,72.1,reference_generated,reference_v1,960db350-9ee8-4235-9b3e-f185b67d7d69
1e84f048-49d6-4594-9c61-82484448b857,Tomato,5.87,26.6,0.81,63.5,reference_generated,reference_v1,960db350-9ee8-4235-9b3e-f185b67d7d69
94a824a8-3d89-4a1a-af29-51cafbbd243c,Tomato,6.15,24.3,1.33,59.3,reference_generated,reference_v1,960db350-9ee8-4235-9b3e-f185b67d7d69
73809882-d0a4-4caf-bcdb-272b351d9d8d,Tomato,6.12,22.4,0.97,79.7,reference_generated,reference_v1,960db350-9ee8-4235-9b3e-f185b67d7d69
7e184498-b4bb-4a9a-b018-ef1308f2945e,Tomato,5.93,24.4,1.34,55.2,reference_generated,reference_v1,960db350-9ee8-4235-9b3e-f185b67d7d69
87eabc81-e29b-490d-920f-f94cb9defa15,Tomato,6.08,23.3,0.87,61.9,reference_generated,reference_v1,960db350-9ee8-4235-9b3e-f185b67d7d69
c4c6ea13-0355-476f-8a9c-c2c2f7af6492,Tomato,6.08,24.2,1.13,51.4,reference_generated,reference_v1,960db350-9ee8-4235-9b3e-f185b67d7d69
68523aa0-1a98-451d-8151-869c186fc70d,Tomato,6.28,23.3,0.48,56.7,reference_generated,reference_v1,960db350-9ee8-4235-9b3e-f185b67d7d69
5c5d25d7-bfe9-4941-9305-c68f7c5c40b3,Tomato,5.94,21.0,1.14,76.8,reference_generated,reference_v1,960db350-9ee8-4235-9b3e-f185b67d7d69
d239671a-cc08-456b-8d36-29b3316b25b5,Tomato,6.42,24.3,1.14,62.9,reference_generated,reference_v1,960db350-9ee8-4235-9b3e-f185b67d7d69
08df9d44-b1da-4b9e-8e8c-925107fb691c,Tomato,6.48,26.0,1.03,71.9,reference_generated,reference_v1,960db350-9ee8-4235-9b3e-f185b67d7d69
84ab071a-729e-49f2-9e4f-3d185930df44,Tomato,5.94,21.2,0.79,71.5,reference_generated,reference_v1,960db350-9ee8-4235-9b3e-f185b67d7d69
032ca9d9-a5ea-43d1-8f93-25c746984dee,Tomato,5.81,25.4,1.02,60.3,reference_generated,reference_v1,960db350-9ee8-4235-9b3e-f185b67d7d69
aac62c09-80da-460e-8527-f7cf88e3ed63,Tomato,6.08,23.4,1.12,54.9,reference_generated,reference_v1,960db350-9ee8-4235-9b3e-f185b67d7d69
7a60682e-afbf-41c2-a6e9-c29f39a62033,Tomato,6.28,25.5,0.98,63.5,reference_generated,reference_v1,960db350-9ee8-4235-9b3e-f185b67d7d69
ee5a75b4-8835-4896-b6bc-515bd4c91686,Tomato,5.86,26.1,1.99,70.0,reference_generated,reference_v1,960db350-9ee8-4235-9b3e-f185b67d7d69
cfefa633-c4cc-4475-a0a6-54eba97de4c9,Tomato,6.07,22.9,1.79,68.8,reference_generated,reference_v1,960db350-9ee8-4235-9b3e-f185b67d7d69
75126c64-0b0d-439b-9706-fb8184e19298,Tomato,6.04,23.2,0.53,77.8,reference_generated,reference_v1,960db350-9ee8-4235-9b3e-f185b67d7d69
aaf52bae-0708-4ff3-ac8d-fe7ebd5f182a,Tomato,6.42,23.3,1.2,77.8,reference_generated,reference_v1,960db350-9ee8-4235-9b3e-f185b67d7d69
7db7222d-1f83-4671-a90c-18a577d6cf22,Tomato,6.29,23.6,0.82,71.0,reference_generated,reference_v1,960db350-9ee8-4235-9b3e-f185b67d7d69
d5744801-4c88-4649-90f3-bae9628b4260,Tomato,5.73,21.0,1.82,63.1,reference_generated,reference_v1,960db350-9ee8-4235-9b3e-f185b67d7d69
bf3a07d2-85c2-4e7c-b3c5-970f6d15b147,Tomato,6.01,22.0,0.81,59.1,reference_generated,reference_v1,960db350-9ee8-4235-9b3e-f185b67d7d69
186f47d7-85be-4eb4-8957-435fae4632d1,Tomato,6.33,24.5,1.49,76.3,reference_generated,reference_v1,960db350-9ee8-4235-9b3e-f185b67d7d69
29b36f11-7b03-48db-9e9b-a8743d8885c8,Tomato,5.99,25.0,1.4,61.0,reference_generated,reference_v1,960db350-9ee8-4235-9b3e-f185b67d7d69
edecaee1-6dd4-460a-a1a7-0c3be94c2c8f,Tomato,6.5,23.5,1.53,69.8,reference_generated,reference_v1,960db350-9ee8-4235-9b3e-f185b67d7d69
b681e808-cc89-4cf5-9d1b-cdcc586f4dbb,Tomato,6.5,21.9,1.66,71.8,reference_generated,reference_v1,960db350-9ee8-4235-9b3e-f185b67d7d69
9fcaace6-cdcd-45a8-8065-3742ae1df4da,Tomato,6.55,24.8,1.24,59.5,reference_generated,reference_v1,960db350-9ee8-4235-9b3e-f185b67d7d69
0e4370d4-6542-4cff-b49d-758601e4e49c,Tomato,6.48,22.5,1.36,68.7,reference_generated,reference_v1,960db350-9ee8-4235-9b3e-f185b67d7d69
afd44338-d576-4baf-a126-602e464fee14,Tomato,6.47,24.3,1.66,62.3,reference_generated,reference_v1,960db350-9ee8-4235-9b3e-f185b67d7d69
a7992b41-0a20-44b2-bcd2-1c26b62b07ad,Tomato,6.37,26.2,1.6,60.4,reference_generated,reference_v1,960db350-9ee8-4235-9b3e-f185b67d7d69
2c05e95b-a3d0-4472-876b-b1b453623ab3,Tomato,5.75,26.2,1.85,58.9,reference_generated,reference_v1,960db350-9ee8-4235-9b3e-f185b67d7d69
15efae9e-783c-4e73-9286-5c6c67ef3f3f,Tomato,6.72,22.0,0.68,67.3,reference_generated,reference_v1,960db350-9ee8-4235-9b3e-f185b67d7d69
07f3fd38-6b56-4d46-bf2a-021d1c638d9c,Tomato,5.66,24.6,1.39,59.6,reference_generated,reference_v1,960db350-9ee8-4235-9b3e-f185b67d7d69
b17f1370-05e2-4a85-aa6e-604b561ce84c,Tomato,5.89,25.0,0.66,60.7,reference_generated,reference_v1,960db350-9ee8-4235-9b3e-f185b67d7d69
4a9743db-798d-4131-98ab-e23031490be1,Tomato,6.44,21.8,1.82,60.9,reference_generated,reference_v1,960db350-9ee8-4235-9b3e-f185b67d7d69
f9c83935-736f-4e50-b5a2-ebf8487095b7,Tomato,6.33,22.3,0.69,63.7,reference_generated,reference_v1,960db350-9ee8-4235-9b3e-f185b67d7d69
8065115b-9f18-469f-bcf2-081d610ee02a,Tomato,6.12,20.7,1.83,75.9,reference_generated,reference_v1,960db350-9ee8-4235-9b3e-f185b67d7d69
b906546a-bc0d-453b-b6f0-9c897b13e6aa,Tomato,6.0,24.3,1.28,60.4,reference_generated,reference_v1,960db350-9ee8-4235-9b3e-f185b67d7d69
e44b6f50-cc23-4ec9-94c1-85ddc90d024d,Tomato,5.82,23.0,1.73,64.2,reference_generated,reference_v1,960db350-9ee8-4235-9b3e-f185b67d7d69
3bf34f14-771c-4baf-a0ad-e7986f35f9a4,Tomato,6.29,24.9,2.07,74.5,reference_generated,reference_v1,960db350-9ee8-4235-9b3e-f185b67d7d69
f1a475e8-cdd8-4827-afd0-996014c8620a,Tomato,6.54,21.9,1.34,60.7,reference_generated,reference_v1,960db350-9ee8-4235-9b3e-f185b67d7d69
07c3ec5e-6aa7-4a1c-b5dd-c2f1c0020d10,Tomato,6.03,24.0,1.16,58.3,reference_generated,reference_v1,960db350-9ee8-4235-9b3e-f185b67d7d69
5b25b808-61c8-42fd-8bb5-9d4fa1d587bb,Tomato,6.0,22.5,1.47,63.2,reference_generated,reference_v1,960db350-9ee8-4235-9b3e-f185b67d7d69
6d8e3e53-9399-4347-953e-ce49b5ecc2af,Tomato,6.47,20.7,1.52,67.8,reference_generated,reference_v1,960db350-9ee8-4235-9b3e-f185b67d7d69
548b0f24-4e19-43da-a2eb-93233b5ef418,Tomato,6.38,22.8,1.18,60.7,reference_generated,reference_v1,960db350-9ee8-4235-9b3e-f185b67d7d69
dc945222-0d34-478c-8500-15eaba65a102,Tomato,6.25,21.0,2.02,69.3,reference_generated,reference_v1,960db350-9ee8-4235-9b3e-f185b67d7d69
3d3da794-3247-4ca5-9089-b0403c36dbef,Tomato,6.36,25.4,1.77,69.5,reference_generated,reference_v1,960db350-9ee8-4235-9b3e-f185b67d7d69
09590e8c-9bf4-4ad7-ab67-f3de9de75cee,Tomato,6.42,26.3,0.66,67.4,reference_generated,reference_v1,960db350-9ee8-4235-9b3e-f185b67d7d69
d2d43665-f031-46ad-ae7a-7c0b0f0b3e19,Tomato,6.37,25.1,1.86,52.2,reference_generated,reference_v1,960db350-9ee8-4235-9b3e-f185b67d7d69
13ba611d-3a4f-424c-8309-1e22c86b3276,Tomato,6.43,24.1,0.29,63.8,reference_generated,reference_v1,960db350-9ee8-4235-9b3e-f185b67d7d69
02a1e0b4-13a0-41ca-95e3-b4a0015549f2,Tomato,5.83,21.7,0.9,75.0,reference_generated,reference_v1,960db350-9ee8-4235-9b3e-f185b67d7d69
25a5ad62-d421-4492-a169-211d83ef2845,Tomato,6.3,25.7,1.54,65.4,reference_generated,reference_v1,960db350-9ee8-4235-9b3e-f185b67d7d69
985d03d7-06b9-4ad0-9554-348d9e2a47e1,Tomato,6.02,21.5,0.61,58.8,reference_generated,reference_v1,960db350-9ee8-4235-9b3e-f185b67d7d69
563aa4a9-b42b-4c83-829e-77751041bfbc,Tomato,6.72,24.4,1.31,55.0,reference_generated,reference_v1,960db350-9ee8-4235-9b3e-f185b67d7d69
3ed16b9d-4d72-4a76-8cde-c0a9df97c835,Tomato,6.2,24.7,1.75,62.5,reference_generated,reference_v1,960db350-9ee8-4235-9b3e-f185b67d7d69
ee8e6b93-49c1-4a68-bebc-849c9203102e,Tomato,6.5,25.3,1.76,63.2,reference_generated,reference_v1,960db350-9ee8-4235-9b3e-f185b67d7d69
583e6f6c-465e-4ab4-8907-c55831b169dd,Tomato,6.62,21.8,1.22,57.5,reference_generated,reference_v1,960db350-9ee8-4235-9b3e-f185b67d7d69
1b5622cc-90ca-414c-bc82-855024dfeea0,Tomato,6.19,22.7,1.48,61.1,reference_generated,reference_v1,960db350-9ee8-4235-9b3e-f185b67d7d69
f5274d91-1f12-431c-a141-c7730c4b9c72,Tomato,5.59,22.2,2.14,63.5,reference_generated,reference_v1,960db350-9ee8-4235-9b3e-f185b67d7d69
ffec8412-124d-48c1-9d6b-f12125f074db,Tomato,6.39,23.8,0.83,62.7,reference_generated,reference_v1,960db350-9ee8-4235-9b3e-f185b67d7d69
095364d2-2ea1-42e9-96dc-2332a312dcc2,Tomato,6.39,22.3,1.76,68.1,reference_generated,reference_v1,960db350-9ee8-4235-9b3e-f185b67d7d69
1a0c3aeb-b2ad-4c56-9cea-a283c9fe00a3,Tomato,5.86,25.9,1.14,55.2,reference_generated,reference_v1,960db350-9ee8-4235-9b3e-f185b67d7d69
2d488016-de15-405b-8842-3c885ff467cf,Tomato,6.35,23.5,1.54,54.9,reference_generated,reference_v1,960db350-9ee8-4235-9b3e-f185b67d7d69
f7bf3d61-6e6d-4c5a-a128-75c44d83d4c6,Tomato,6.58,24.5,2.11,66.1,reference_generated,reference_v1,960db350-9ee8-4235-9b3e-f185b67d7d69
a1a43669-e942-4ad5-9705-5e4c0ac7a9a2,Tomato,6.01,23.4,0.75,73.7,reference_generated,reference_v1,960db350-9ee8-4235-9b3e-f185b67d7d69
9bea218d-ef3a-4009-9dd4-6e34d56b872e,Tomato,5.66,25.6,1.12,73.7,reference_generated,reference_v1,960db350-9ee8-4235-9b3e-f185b67d7d69
bb3c6830-120a-4ba2-93de-5d5c7404a1ff,Tomato,6.28,20.6,1.34,64.7,reference_generated,reference_v1,960db350-9ee8-4235-9b3e-f185b67d7d69
91b63b01-63a8-4343-8576-2fb73184527c,Tomato,5.91,20.7,0.63,63.6,reference_generated,reference_v1,960db350-9ee8-4235-9b3e-f185b67d7d69
af555984-a78a-47ae-8380-4ec18f014e26,Tomato,6.69,25.6,0.39,66.4,reference_generated,reference_v1,960db350-9ee8-4235-9b3e-f185b67d7d69
769ae2c5-78cf-486a-a895-37dc0d6fdeac,Tomato,6.27,24.8,1.86,70.1,reference_generated,reference_v1,960db350-9ee8-4235-9b3e-f185b67d7d69
5fc29150-3c51-4faf-8b4d-f882d4928868,Tomato,6.31,26.1,1.18,63.2,reference_generated,reference_v1,960db350-9ee8-4235-9b3e-f185b67d7d69
80bdc3fa-8f08-40c0-a3bf-a5978ae6dc71,Tomato,5.88,24.0,1.99,76.4,reference_generated,reference_v1,960db350-9ee8-4235-9b3e-f185b67d7d69
822028ed-8366-448e-b619-d9fff39f6570,Tomato,6.4,23.4,1.58,63.5,reference_generated,reference_v1,960db350-9ee8-4235-9b3e-f185b67d7d69
a810434b-7dbc-4d94-8381-881941284095,Tomato,5.93,23.6,0.81,54.6,reference_generated,reference_v1,960db350-9ee8-4235-9b3e-f185b67d7d69
62fc049f-2120-48d6-abea-92b609c2ee41,Tomato,5.87,23.6,0.86,66.0,reference_generated,reference_v1,960db350-9ee8-4235-9b3e-f185b67d7d69
a4124280-c74d-48ed-8fd4-6dfc31a00623,Tomato,6.55,21.9,1.02,70.5,reference_generated,reference_v1,960db350-9ee8-4235-9b3e-f185b67d7d69
74725175-77e9-48e3-8f70-9bcaa0107334,Tomato,5.87,23.6,0.91,69.4,reference_generated,reference_v1,960db350-9ee8-4235-9b3e-f185b67d7d69
889cac37-5309-4dc5-8eab-23867a102341,Tomato,6.27,23.2,1.38,60.9,reference_generated,reference_v1,960db350-9ee8-4235-9b3e-f185b67d7d69
20b678ae-5c83-43cb-8656-7f31f62317b2,Tomato,6.35,22.0,0.33,76.3,reference_generated,reference_v1,960db350-9ee8-4235-9b3e-f185b67d7d69
3eae5fe2-ce52-4d23-af8b-d7bea3b80c17,Tomato,5.9,24.8,1.65,73.0,reference_generated,reference_v1,960db350-9ee8-4235-9b3e-f185b67d7d69
23fb50df-df38-42a5-aa6c-94716249d7d2,Tomato,5.75,23.8,2.17,57.6,reference_generated,reference_v1,960db350-9ee8-4235-9b3e-f185b67d7d69
a864dd90-3204-4875-bcbf-bfa25f510788,Tomato,5.58,22.1,1.7,55.4,reference_generated,reference_v1,960db350-9ee8-4235-9b3e-f185b67d7d69
27cc8f45-5ddb-485d-a6cf-d2ad85bcb409,Tomato,5.9,23.8,1.53,62.6,reference_generated,reference_v1,960db350-9ee8-4235-9b3e-f185b67d7d69
a1de55bd-536b-49cf-bd4f-01607d504a70,Tomato,6.68,23.8,0.63,52.1,reference_generated,reference_v1,960db350-9ee8-4235-9b3e-f185b67d7d69
f0b18442-7323-4f7f-8a7a-530cc680ca2b,Tomato,5.85,21.8,1.31,76.0,reference_generated,reference_v1,960db350-9ee8-4235-9b3e-f185b67d7d69
cba68e7e-be4a-4963-92e0-489c12909d29,Tomato,5.63,24.3,1.45,65.5,reference_generated,reference_v1,960db350-9ee8-4235-9b3e-f185b67d7d69
28f67565-600e-46b7-9c7c-601ec5b1d239,Tomato,6.67,21.6,1.39,55.0,reference_generated,reference_v1,960db350-9ee8-4235-9b3e-f185b67d7d69
ca7affaa-87c2-4fbc-b1b5-f73c9a763f7c,Tomato,6.2,22.0,1.73,67.5,reference_generated,reference_v1,960db350-9ee8-4235-9b3e-f185b67d7d69
e626e96d-c6f7-4c39-bd7f-05ca1e06c3ef,Tomato,6.41,25.3,1.42,58.0,reference_generated,reference_v1,960db350-9ee8-4235-9b3e-f185b67d7d69
6611495a-4499-465f-9aea-ea6301f2e439,Tomato,5.63,22.5,2.1,70.5,reference_generated,reference_v1,960db350-9ee8-4235-9b3e-f185b67d7d69
fb9216e4-6169-4c76-b03f-2ae239d63180,Tomato,6.16,22.7,2.23,70.6,reference_generated,reference_v1,960db350-9ee8-4235-9b3e-f185b67d7d69
f9750f10-055b-4ca0-9c3a-1fde8db5f315,Tomato,6.67,21.8,1.93,68.2,reference_generated,reference_v1,960db350-9ee8-4235-9b3e-f185b67d7d69
75334c07-77d4-416d-a3f7-8129b5f9b720,Tomato,6.0,23.3,0.9,68.7,reference_generated,reference_v1,960db350-9ee8-4235-9b3e-f185b67d7d69
64eb1cf0-4c43-47b7-8505-d53819f7266c,Tomato,5.74,23.5,0.9,70.2,reference_generated,reference_v1,960db350-9ee8-4235-9b3e-f185b67d7d69
7e33d470-aca6-4f35-9856-3349b646c4b5,Tomato,6.23,21.7,2.1,63.2,reference_generated,reference_v1,960db350-9ee8-4235-9b3e-f185b67d7d69
c59cbdff-a2ec-4e72-b921-10dae687bf84,Tomato,5.98,23.0,1.45,76.2,reference_generated,reference_v1,960db350-9ee8-4235-9b3e-f185b67d7d69
7e016ffb-becc-426e-859a-713440571d7c,Tomato,6.33,23.6,0.61,71.1,reference_generated,reference_v1,960db350-9ee8-4235-9b3e-f185b67d7d69
a63bdd25-9a12-420d-a58c-a4dc39fdb8e8,Tomato,6.49,22.6,0.47,66.5,reference_generated,reference_v1,960db350-9ee8-4235-9b3e-f185b67d7d69
657be640-f998-4ca6-af53-dec600314b41,Tomato,6.08,24.4,1.55,72.5,reference_generated,reference_v1,960db350-9ee8-4235-9b3e-f185b67d7d69
c72fdebf-0d0a-4151-be4f-cfa02362c262,Tomato,6.57,24.0,0.76,71.7,reference_generated,reference_v1,960db350-9ee8-4235-9b3e-f185b67d7d69
2b975627-97aa-471e-9ce4-8ca90e537b4e,Tomato,6.6,22.1,0.64,57.4,reference_generated,reference_v1,960db350-9ee8-4235-9b3e-f185b67d7d69
a241322b-23ef-4bbc-82cd-a76f1735ff7a,Tomato,5.85,22.5,1.25,57.3,reference_generated,reference_v1,960db350-9ee8-4235-9b3e-f185b67d7d69
52cdd097-c52f-43ec-8bd9-72d9f1a579aa,Tomato,6.08,22.0,1.29,56.2,reference_generated,reference_v1,960db350-9ee8-4235-9b3e-f185b67d7d69
e95a3877-762b-4acc-ba74-20beb761e165,Tomato,5.81,25.4,1.94,58.1,reference_generated,reference_v1,960db350-9ee8-4235-9b3e-f185b67d7d69
d4c2e78e-1cf2-4ac5-a2c9-7f97855cdbd8,Tomato,6.31,25.2,1.73,68.1,reference_generated,reference_v1,960db350-9ee8-4235-9b3e-f185b67d7d69
745259bc-f20d-4d80-b98b-cde079cab7e3,Tomato,6.26,21.3,1.42,78.7,reference_generated,reference_v1,960db350-9ee8-4235-9b3e-f185b67d7d69
30e89914-b462-4e7d-a80e-488e4723d3b9,Tomato,6.25,23.7,0.87,64.5,reference_generated,reference_v1,960db350-9ee8-4235-9b3e-f185b67d7d69
aecfea36-8d07-4893-8130-a6dcc7ad5ca3,Tomato,5.94,23.4,2.03,65.4,reference_generated,reference_v1,960db350-9ee8-4235-9b3e-f185b67d7d69
8d00b4df-de7b-417b-b4a7-f2864193e9b0,Tomato,6.03,23.6,1.91,69.7,reference_generated,reference_v1,960db350-9ee8-4235-9b3e-f185b67d7d69
3ba348df-a3e1-48c3-992d-0b25a60f6679,Tomato,5.83,23.8,2.33,69.5,reference_generated,reference_v1,960db350-9ee8-4235-9b3e-f185b67d7d69
85fe6b6e-64b9-494c-88bb-41366f8f94c0,Tomato,6.16,24.7,1.7,61.6,reference_generated,reference_v1,960db350-9ee8-4235-9b3e-f185b67d7d69
a254bedb-5bbe-444c-a3f3-b274ad671a72,Tomato,5.76,22.5,1.07,61.9,reference_generated,reference_v1,960db350-9ee8-4235-9b3e-f185b67d7d69
aaa8b127-d5a0-40ef-9240-09e46aba48cd,Tomato,5.95,23.2,0.78,66.8,reference_generated,reference_v1,960db350-9ee8-4235-9b3e-f185b67d7d69
909c4c82-bbe6-4871-9c68-b98fdf4880f0,Tomato,5.88,24.9,1.54,60.9,reference_generated,reference_v1,960db350-9ee8-4235-9b3e-f185b67d7d69
a92c9e1a-58cb-4047-b851-f129715bc64b,Tomato,6.58,26.4,1.72,62.3,reference_generated,reference_v1,960db350-9ee8-4235-9b3e-f185b67d7d69
8da10901-c95a-4b80-9922-d6452eafca9e,Tomato,5.84,24.4,0.34,63.0,reference_generated,reference_v1,960db350-9ee8-4235-9b3e-f185b67d7d69
7e269952-ec0c-4435-a5c7-faba4b14d294,Tomato,6.13,26.1,1.2,73.6,reference_generated,reference_v1,960db350-9ee8-4235-9b3e-f185b67d7d69
8a81dbeb-b30f-4794-b6a7-ec49bfd2f991,Tomato,6.34,24.8,0.37,63.0,reference_generated,reference_v1,960db350-9ee8-4235-9b3e-f185b67d7d69
6369c722-5042-496d-b1e3-39208d258187,Tomato,6.37,23.0,1.19,60.2,reference_generated,reference_v1,960db350-9ee8-4235-9b3e-f185b67d7d69
847a758d-f592-4d82-981b-2aaeb5ea29cd,Tomato,6.21,21.2,1.88,67.9,reference_generated,reference_v1,960db350-9ee8-4235-9b3e-f185b67d7d69
14e18193-8526-49e6-adba-c22c032ddd30,Tomato,6.23,24.6,1.65,67.3,reference_generated,reference_v1,960db350-9ee8-4235-9b3e-f185b67d7d69
4bce94cf-b249-4f27-988e-755735f8e86d,Tomato,6.18,25.6,0.26,68.9,reference_generated,reference_v1,960db350-9ee8-4235-9b3e-f185b67d7d69
291f572b-34ef-457f-834a-0a7618dacf62,Tomato,5.76,22.3,1.55,61.9,reference_generated,reference_v1,960db350-9ee8-4235-9b3e-f185b67d7d69
631701b9-2f36-44fb-b727-4ba4a7ee43eb,Tomato,6.06,22.1,0.65,57.2,reference_generated,reference_v1,960db350-9ee8-4235-9b3e-f185b67d7d69
c71a4a73-41d5-43b8-b007-916d61d1664b,Tomato,5.76,25.5,0.66,60.9,reference_generated,reference_v1,960db350-9ee8-4235-9b3e-f185b67d7d69
74745e5c-972d-48c5-a2ec-2a8d95cf6be9,Tomato,6.55,22.9,1.78,68.1,reference_generated,reference_v1,960db350-9ee8-4235-9b3e-f185b67d7d69
93275971-4521-4204-b73c-4414cc68ef70,Tomato,6.06,26.7,1.03,68.7,reference_generated,reference_v1,960db350-9ee8-4235-9b3e-f185b67d7d69
67bab320-750c-4dc1-9e98-0502515f1292,Tomato,5.69,22.5,0.55,58.7,reference_generated,reference_v1,960db350-9ee8-4235-9b3e-f185b67d7d69
109ed379-1b52-4b42-9355-999f4389d904,Tomato,5.77,23.3,1.2,62.4,reference_generated,reference_v1,960db350-9ee8-4235-9b3e-f185b67d7d69
01954fbb-2d5c-4f58-8f27-4418533464f2,Tomato,6.6,20.9,1.35,56.7,reference_generated,reference_v1,960db350-9ee8-4235-9b3e-f185b67d7d69
01aaa2c8-eb15-47b4-a7a9-ccd28f642660,Tomato,6.19,22.7,0.52,57.9,reference_generated,reference_v1,960db350-9ee8-4235-9b3e-f185b67d7d69
8e7d27b4-87da-4bf1-9016-6a68caa074f7,Tomato,6.4,23.3,1.22,71.2,reference_generated,reference_v1,960db350-9ee8-4235-9b3e-f185b67d7d69
f7e5862b-2810-44ed-9f13-40bdd25c6d9e,Tomato,5.79,21.0,1.44,73.6,reference_generated,reference_v1,960db350-9ee8-4235-9b3e-f185b67d7d69
84bc0675-059c-47db-ac6a-c9ccac6fb840,Tomato,6.03,24.3,1.8,53.7,reference_generated,reference_v1,960db350-9ee8-4235-9b3e-f185b67d7d69
3f0b5ae8-87b2-456c-b218-b1f620b2aebe,Tomato,5.74,22.6,2.16,64.1,reference_generated,reference_v1,960db350-9ee8-4235-9b3e-f185b67d7d69
420f9eb0-b61c-44de-a905-a5db50aef68c,Chilli,6.26,25.0,0.59,67.4,reference_generated,reference_v1,960db350-9ee8-4235-9b3e-f185b67d7d69
f072132c-30ec-4939-905f-7107b12ba061,Chilli,6.51,21.9,0.5,61.5,reference_generated,reference_v1,960db350-9ee8-4235-9b3e-f185b67d7d69
edf322e2-d124-44b4-819e-5f30d029f30f,Chilli,5.67,26.1,1.02,57.2,reference_generated,reference_v1,960db350-9ee8-4235-9b3e-f185b67d7d69
52a99b15-c210-4da4-af57-93781ea101a0,Chilli,6.29,19.7,0.89,55.8,reference_generated,reference_v1,960db350-9ee8-4235-9b3e-f185b67d7d69
58397209-6b79-4310-870e-acecea7440b4,Chilli,6.33,26.5,0.84,63.2,reference_generated,reference_v1,960db350-9ee8-4235-9b3e-f185b67d7d69
97d0982d-7e99-4a3c-8480-01329c168727,Chilli,5.82,27.1,0.77,69.4,reference_generated,reference_v1,960db350-9ee8-4235-9b3e-f185b67d7d69
ae92caa2-e698-4dfc-ac07-0509af28072c,Chilli,6.31,24.1,1.01,64.3,reference_generated,reference_v1,960db350-9ee8-4235-9b3e-f185b67d7d69
09b40e1d-884f-4372-bb90-86c49014f864,Chilli,6.3,21.7,0.65,78.2,reference_generated,reference_v1,960db350-9ee8-4235-9b3e-f185b67d7d69
49037104-3e80-4254-b464-0c8b9b6c20b6,Chilli,6.13,28.2,0.66,55.2,reference_generated,reference_v1,960db350-9ee8-4235-9b3e-f185b67d7d69
079ff70e-7ea4-4710-9b5c-d2abbbb1ef15,Chilli,5.7,22.2,0.42,65.0,reference_generated,reference_v1,960db350-9ee8-4235-9b3e-f185b67d7d69
5f440dd5-d17e-469f-96d6-8de7144af5d6,Chilli,6.57,19.4,1.21,58.0,reference_generated,reference_v1,960db350-9ee8-4235-9b3e-f185b67d7d69
9e5ce8f6-dcab-47c3-9fa8-978324c9c57f,Chilli,6.56,26.2,0.56,55.1,reference_generated,reference_v1,960db350-9ee8-4235-9b3e-f185b67d7d69
ea2b4071-d652-4b58-89e7-cc5bd7578028,Chilli,5.73,26.5,0.19,78.2,reference_generated,reference_v1,960db350-9ee8-4235-9b3e-f185b67d7d69
4c5ec4bd-f859-40b0-9453-a87dded6ecc0,Chilli,5.79,21.2,0.75,74.3,reference_generated,reference_v1,960db350-9ee8-4235-9b3e-f185b67d7d69
80a2b3f7-cb58-48ef-8d48-89251196ba2c,Chilli,6.23,22.8,0.57,65.4,reference_generated,reference_v1,960db350-9ee8-4235-9b3e-f185b67d7d69
feeda0e7-e0b6-4ac8-9a00-b50c35f5d20a,Chilli,6.43,23.0,1.22,71.3,reference_generated,reference_v1,960db350-9ee8-4235-9b3e-f185b67d7d69
156a0bd5-e323-4f78-a646-7c379517274b,Chilli,5.81,25.4,1.09,58.8,reference_generated,reference_v1,960db350-9ee8-4235-9b3e-f185b67d7d69
097c48a5-fc05-4292-83eb-696cc86abba8,Chilli,6.02,27.7,0.59,58.1,reference_generated,reference_v1,960db350-9ee8-4235-9b3e-f185b67d7d69
97730847-4fbc-4c5e-868c-7657169f5184,Chilli,6.12,21.4,0.51,52.4,reference_generated,reference_v1,960db350-9ee8-4235-9b3e-f185b67d7d69
94cea584-c288-479a-8a62-4366af636fba,Chilli,6.47,21.7,1.34,70.0,reference_generated,reference_v1,960db350-9ee8-4235-9b3e-f185b67d7d69
3db1bbb0-c38d-47e6-b75c-79c20753f15b,Chilli,6.03,20.4,0.55,73.2,reference_generated,reference_v1,960db350-9ee8-4235-9b3e-f185b67d7d69
d15c543e-cbee-4413-b4f3-e89b17c1df02,Chilli,6.31,28.7,1.2,61.3,reference_generated,reference_v1,960db350-9ee8-4235-9b3e-f185b67d7d69
fb77be5f-990e-4d38-84e4-385493289a63,Chilli,6.3,24.7,1.19,54.9,reference_generated,reference_v1,960db350-9ee8-4235-9b3e-f185b67d7d69
a888ff8d-315d-4dd9-a1a0-11c622903ba7,Chilli,6.03,22.2,0.42,71.0,reference_generated,reference_v1,960db350-9ee8-4235-9b3e-f185b67d7d69
9c293dab-ef03-451a-8988-589c276003c1,Chilli,6.61,21.6,1.0,69.7,reference_generated,reference_v1,960db350-9ee8-4235-9b3e-f185b67d7d69
82ca429a-62e9-4462-b191-570eeca23eb9,Chilli,6.3,20.2,0.86,69.4,reference_generated,reference_v1,960db350-9ee8-4235-9b3e-f185b67d7d69
a3bbdba6-0c43-4a88-93a1-e1a70ab03780,Chilli,5.84,28.2,0.88,59.8,reference_generated,reference_v1,960db350-9ee8-4235-9b3e-f185b67d7d69
bff52baf-48c6-49f8-825b-1c7d90f17ca6,Chilli,6.47,23.1,0.92,63.7,reference_generated,reference_v1,960db350-9ee8-4235-9b3e-f185b67d7d69
ad1ed8e4-f503-415c-87f7-32f2474dbd04,Chilli,6.14,21.4,1.17,76.2,reference_generated,reference_v1,960db350-9ee8-4235-9b3e-f185b67d7d69
039dfcdb-96de-4413-a4b9-a9507574f07f,Chilli,6.17,27.0,1.04,60.1,reference_generated,reference_v1,960db350-9ee8-4235-9b3e-f185b67d7d69
8505f471-8876-4ce9-b7ed-dbd27c119c80,Chilli,5.64,21.9,0.46,75.1,reference_generated,reference_v1,960db350-9ee8-4235-9b3e-f185b67d7d69
7166450d-b37a-44ec-a941-97771b412a57,Chilli,6.3,24.6,0.6,65.8,reference_generated,reference_v1,960db350-9ee8-4235-9b3e-f185b67d7d69
97bee219-2ea1-4ff7-a405-60bcd53d7153,Chilli,6.6,20.5,1.32,67.5,reference_generated,reference_v1,960db350-9ee8-4235-9b3e-f185b67d7d69
1652b923-fa2f-475d-95de-3de9da921506,Chilli,6.02,22.2,1.2,69.4,reference_generated,reference_v1,960db350-9ee8-4235-9b3e-f185b67d7d69
58197fdc-c24b-4e18-98cb-8c51e045fb07,Chilli,6.01,23.1,1.24,76.2,reference_generated,reference_v1,960db350-9ee8-4235-9b3e-f185b67d7d69
d4284e57-20eb-4aac-afeb-01d1171ccaee,Chilli,6.24,23.1,0.24,66.3,reference_generated,reference_v1,960db350-9ee8-4235-9b3e-f185b67d7d69
c023d2c8-ae2d-422c-b3cb-ee8eed442ad2,Chilli,6.76,20.9,0.91,56.5,reference_generated,reference_v1,960db350-9ee8-4235-9b3e-f185b67d7d69
7141af83-0a6d-4a4f-af70-725d8becd102,Chilli,6.43,26.9,1.28,52.2,reference_generated,reference_v1,960db350-9ee8-4235-9b3e-f185b67d7d69
bc879341-55f3-40b4-a4a7-cbd7f26cf3c0,Chilli,6.23,23.7,0.79,71.6,reference_generated,reference_v1,960db350-9ee8-4235-9b3e-f185b67d7d69
2f49a93b-f556-48d6-917a-04ce2165d07b,Chilli,5.89,23.2,1.26,60.0,reference_generated,reference_v1,960db350-9ee8-4235-9b3e-f185b67d7d69
5c6c82a8-7982-4bb9-a3a3-1ae80eac31d1,Chilli,5.87,22.9,0.73,69.8,reference_generated,reference_v1,960db350-9ee8-4235-9b3e-f185b67d7d69
111a2aee-eded-4120-900d-37e831f3f119,Chilli,6.4,27.2,0.42,55.4,reference_generated,reference_v1,960db350-9ee8-4235-9b3e-f185b67d7d69
28b14141-6fb5-4c1c-90b5-68870a4ffbeb,Chilli,5.77,25.3,0.76,58.2,reference_generated,reference_v1,960db350-9ee8-4235-9b3e-f185b67d7d69
47ea61e3-1362-4c18-99ba-d83d2e8872c6,Chilli,5.72,20.3,0.33,67.4,reference_generated,reference_v1,960db350-9ee8-4235-9b3e-f185b67d7d69
484b09f8-8af1-4b7d-be85-54b5ff7a968f,Chilli,5.71,25.3,0.67,72.2,reference_generated,reference_v1,960db350-9ee8-4235-9b3e-f185b67d7d69
0368a0ab-13fc-4e12-a446-307366f4ed45,Chilli,5.89,21.2,0.48,62.1,reference_generated,reference_v1,960db350-9ee8-4235-9b3e-f185b67d7d69
72561d4e-5243-4618-a2be-13141b1ab6c7,Chilli,6.3,28.3,1.04,73.2,reference_generated,reference_v1,960db350-9ee8-4235-9b3e-f185b67d7d69
9c6a008e-4d4a-48ee-9cc9-f8ad4ec3fc4e,Chilli,5.98,23.3,0.24,57.4,reference_generated,reference_v1,960db350-9ee8-4235-9b3e-f185b67d7d69
e54d4091-d8ee-4f91-9215-ff2e2bd8a4ea,Chilli,6.11,25.5,0.86,55.1,reference_generated,reference_v1,960db350-9ee8-4235-9b3e-f185b67d7d69
977be86a-91d5-410f-8a53-01f72f68c11c,Chilli,5.66,23.3,1.28,67.6,reference_generated,reference_v1,960db350-9ee8-4235-9b3e-f185b67d7d69
a621700c-538e-4e0e-94a8-263db3f9e9ef,Chilli,6.63,19.0,0.98,63.3,reference_generated,reference_v1,960db350-9ee8-4235-9b3e-f185b67d7d69
e73c1760-da7f-4b96-bcbb-df02c7d63ffd,Chilli,6.65,21.9,1.27,61.8,reference_generated,reference_v1,960db350-9ee8-4235-9b3e-f185b67d7d69
501742c0-eec4-4a4e-a1f3-67497d608a2a,Chilli,6.04,24.0,1.19,66.5,reference_generated,reference_v1,960db350-9ee8-4235-9b3e-f185b67d7d69
c138b26e-e66f-432c-a7f2-4603d445c7d8,Chilli,6.17,25.6,1.27,61.2,reference_generated,reference_v1,960db350-9ee8-4235-9b3e-f185b67d7d69
4f711020-28ce-4d29-8353-9ee08855f052,Chilli,6.25,27.3,1.42,59.5,reference_generated,reference_v1,960db350-9ee8-4235-9b3e-f185b67d7d69
1b5b68fe-ae5e-47b1-bb31-6b0a68da4036,Chilli,6.49,20.3,0.45,72.3,reference_generated,reference_v1,960db350-9ee8-4235-9b3e-f185b67d7d69
d0dd1b9a-1ecb-48e4-afbd-0b829a2ee3a2,Chilli,6.4,21.7,0.57,69.8,reference_generated,reference_v1,960db350-9ee8-4235-9b3e-f185b67d7d69
dd4e184f-e257-4142-b7d7-4fe881ab9990,Chilli,6.11,29.7,1.17,68.1,reference_generated,reference_v1,960db350-9ee8-4235-9b3e-f185b67d7d69
7379554b-6272-4b81-a1c7-3a4cbdd0f5b2,Chilli,6.02,18.1,0.48,76.7,reference_generated,reference_v1,960db350-9ee8-4235-9b3e-f185b67d7d69
625dff93-2e72-42ba-981a-7f854d405c2f,Chilli,5.82,23.8,0.8,60.6,reference_generated,reference_v1,960db350-9ee8-4235-9b3e-f185b67d7d69
fc4bbef3-686e-44e9-bf99-5bd427ce1121,Chilli,6.2,19.5,1.18,71.2,reference_generated,reference_v1,960db350-9ee8-4235-9b3e-f185b67d7d69
9e026dd8-7bd3-43a0-b935-1760bb732439,Chilli,6.04,19.5,1.32,72.6,reference_generated,reference_v1,960db350-9ee8-4235-9b3e-f185b67d7d69
6dc3545d-ee58-4468-af9d-a9bf10df98dc,Chilli,6.16,26.9,0.74,67.2,reference_generated,reference_v1,960db350-9ee8-4235-9b3e-f185b67d7d69
3781ed10-d264-4dc6-ac93-1036d84da6dd,Chilli,5.7,23.8,1.17,74.8,reference_generated,reference_v1,960db350-9ee8-4235-9b3e-f185b67d7d69
ad9c78a8-a334-4f5d-89b9-8b4352b00473,Chilli,6.0,25.6,1.21,60.7,reference_generated,reference_v1,960db350-9ee8-4235-9b3e-f185b67d7d69
34157e03-94c7-4f7e-b0ba-e06ada57d9d2,Chilli,5.9,20.5,0.85,65.5,reference_generated,reference_v1,960db350-9ee8-4235-9b3e-f185b67d7d69
10bee97f-26b2-44aa-8d5f-cae0ec4a4ea8,Chilli,6.41,27.0,1.27,71.6,reference_generated,reference_v1,960db350-9ee8-4235-9b3e-f185b67d7d69
281e24ce-9c71-484f-8c50-114ac7bc489f,Chilli,6.23,25.6,0.53,57.3,reference_generated,reference_v1,960db350-9ee8-4235-9b3e-f185b67d7d69
376463dc-aff8-438b-bfc8-5783cae8409f,Chilli,5.9,23.8,0.41,65.6,reference_generated,reference_v1,960db350-9ee8-4235-9b3e-f185b67d7d69
cb72c6ed-d5af-4a2c-9c1c-576cc72b29c8,Chilli,5.93,20.2,0.67,61.0,reference_generated,reference_v1,960db350-9ee8-4235-9b3e-f185b67d7d69
1d4f66eb-9b11-4ef7-9b0e-ee33f37fe722,Chilli,6.25,27.0,0.88,70.7,reference_generated,reference_v1,960db350-9ee8-4235-9b3e-f185b67d7d69
dcd1d5ad-8386-4377-80e5-717817760baf,Chilli,6.17,19.6,0.93,57.6,reference_generated,reference_v1,960db350-9ee8-4235-9b3e-f185b67d7d69
082bd8dc-dc40-4a18-8de7-98d566bd9c0d,Chilli,6.13,24.7,0.68,74.7,reference_generated,reference_v1,960db350-9ee8-4235-9b3e-f185b67d7d69
46d13421-a336-452a-8142-15e366b6b9d9,Chilli,6.23,18.9,0.95,75.0,reference_generated,reference_v1,960db350-9ee8-4235-9b3e-f185b67d7d69
410c20d3-8702-47e2-b6cf-06b123838e74,Chilli,6.44,28.3,1.4,55.6,reference_generated,reference_v1,960db350-9ee8-4235-9b3e-f185b67d7d69
b71c74c0-b057-4e7c-a13d-76e662ee6226,Chilli,6.01,23.3,0.76,60.6,reference_generated,reference_v1,960db350-9ee8-4235-9b3e-f185b67d7d69
85eec4ba-dcd7-4c57-b0ac-314100c28bf3,Chilli,5.8,19.2,0.9,59.9,reference_generated,reference_v1,960db350-9ee8-4235-9b3e-f185b67d7d69
2cd2481b-dd28-4a44-9ed9-55e000fe8c65,Chilli,6.32,18.9,0.8,69.6,reference_generated,reference_v1,960db350-9ee8-4235-9b3e-f185b67d7d69
db09346e-9334-4c4c-b22a-00e6cef96988,Chilli,6.05,26.8,1.42,72.8,reference_generated,reference_v1,960db350-9ee8-4235-9b3e-f185b67d7d69
aaaefe2e-4703-4c22-92e2-dcbed27d24d6,Chilli,6.34,22.3,0.49,64.6,reference_generated,reference_v1,960db350-9ee8-4235-9b3e-f185b67d7d69
ab9000b3-a3a2-46ca-8179-0c871c307d3c,Chilli,6.51,19.5,1.23,78.0,reference_generated,reference_v1,960db350-9ee8-4235-9b3e-f185b67d7d69
daffc080-2606-4db4-a2d8-caa93d1ba0ad,Chilli,6.12,19.3,0.52,64.7,reference_generated,reference_v1,960db350-9ee8-4235-9b3e-f185b67d7d69
f52f7a95-8e83-4bd6-a2be-8eff34b207b1,Chilli,6.01,19.2,0.58,66.3,reference_generated,reference_v1,960db350-9ee8-4235-9b3e-f185b67d7d69
3f772a50-0a31-4935-88a1-247405b42535,Chilli,5.58,21.7,0.42,63.7,reference_generated,reference_v1,960db350-9ee8-4235-9b3e-f185b67d7d69
49f7a3b9-eba6-41e7-a5f3-d3463fbc3322,Chilli,5.82,17.8,1.09,75.5,reference_generated,reference_v1,960db350-9ee8-4235-9b3e-f185b67d7d69
fca7a263-b051-4f90-9fcf-8d31d8af1d73,Chilli,5.88,23.5,0.96,62.5,reference_generated,reference_v1,960db350-9ee8-4235-9b3e-f185b67d7d69
50b17ced-e451-4edc-96d0-b3410f78fd2e,Chilli,6.21,20.1,0.79,72.6,reference_generated,reference_v1,960db350-9ee8-4235-9b3e-f185b67d7d69
315398f5-3fd2-4be9-8c54-ff8c0b771042,Chilli,6.6,26.9,1.14,66.5,reference_generated,reference_v1,960db350-9ee8-4235-9b3e-f185b67d7d69
da63dc50-2163-4e14-a820-0855861d5308,Chilli,5.78,22.9,0.61,59.3,reference_generated,reference_v1,960db350-9ee8-4235-9b3e-f185b67d7d69
15740569-c21b-4c95-a3ee-fcc060ed4d0c,Chilli,6.2,19.3,0.99,65.3,reference_generated,reference_v1,960db350-9ee8-4235-9b3e-f185b67d7d69
9b71fef2-fd0d-45f2-b17d-8d7d2b1e5427,Chilli,6.05,29.1,1.29,60.0,reference_generated,reference_v1,960db350-9ee8-4235-9b3e-f185b67d7d69
ba72aacd-74fd-45b9-8033-1d1a0f357576,Chilli,5.82,23.1,0.69,70.7,reference_generated,reference_v1,960db350-9ee8-4235-9b3e-f185b67d7d69
059a1051-be98-4ab3-aa1f-4fcabeebd7fe,Chilli,6.36,18.9,0.69,73.4,reference_generated,reference_v1,960db350-9ee8-4235-9b3e-f185b67d7d69
5b6edc46-919b-4eb9-a076-3e9c622f9cd4,Chilli,6.49,27.0,1.0,73.0,reference_generated,reference_v1,960db350-9ee8-4235-9b3e-f185b67d7d69
1a3bb1ab-1c9d-4249-aff6-d335ca0c1def,Chilli,6.27,28.2,1.26,72.8,reference_generated,reference_v1,960db350-9ee8-4235-9b3e-f185b67d7d69
c84d72c4-53e5-4139-bf25-bf4d5d785cc0,Chilli,6.32,23.8,1.0,60.6,reference_generated,reference_v1,960db350-9ee8-4235-9b3e-f185b67d7d69
44ed09bd-fba2-4779-864f-4281c09297f8,Chilli,6.23,19.5,0.85,65.7,reference_generated,reference_v1,960db350-9ee8-4235-9b3e-f185b67d7d69
da25043e-5ae0-4713-a6a5-0bfecc4158cd,Chilli,6.08,28.2,0.64,57.1,reference_generated,reference_v1,960db350-9ee8-4235-9b3e-f185b67d7d69
f52c3243-7b40-48c8-bab8-3fd4003ce536,Chilli,6.48,20.4,1.13,76.7,reference_generated,reference_v1,960db350-9ee8-4235-9b3e-f185b67d7d69
db157025-ff79-487d-a11e-df5b8e356b8f,Chilli,5.82,23.0,1.09,61.5,reference_generated,reference_v1,960db350-9ee8-4235-9b3e-f185b67d7d69
57ac5dad-6ff3-4b3e-b0c7-4ea4717f3173,Chilli,5.89,21.2,0.84,72.7,reference_generated,reference_v1,960db350-9ee8-4235-9b3e-f185b67d7d69
06515da8-b1d3-45d2-9bf4-56c2c237d2d3,Chilli,5.56,22.5,1.01,54.0,reference_generated,reference_v1,960db350-9ee8-4235-9b3e-f185b67d7d69
64f318d6-f2af-4a2e-91da-b843f20bfa45,Chilli,6.17,25.7,0.96,64.4,reference_generated,reference_v1,960db350-9ee8-4235-9b3e-f185b67d7d69
35a5f369-5b74-4e34-aea7-9a9c75927025,Chilli,6.23,27.9,0.37,54.3,reference_generated,reference_v1,960db350-9ee8-4235-9b3e-f185b67d7d69
d10131c2-4d7d-43d0-adb0-796a56005f5d,Chilli,6.14,28.6,0.91,74.9,reference_generated,reference_v1,960db350-9ee8-4235-9b3e-f185b67d7d69
1ca4b80a-868c-4b48-89a4-47b2713e0cf8,Chilli,6.14,24.5,1.01,62.5,reference_generated,reference_v1,960db350-9ee8-4235-9b3e-f185b67d7d69
a0db8015-96f9-4c0a-bc51-c80d12c01d3f,Chilli,5.94,21.5,1.26,69.5,reference_generated,reference_v1,960db350-9ee8-4235-9b3e-f185b67d7d69
c6a591f6-db1d-4092-915d-eabf9c651961,Chilli,5.96,26.3,1.01,67.2,reference_generated,reference_v1,960db350-9ee8-4235-9b3e-f185b67d7d69
9d0c508a-4ac4-47f6-9f9e-47c85a63281c,Chilli,6.18,21.6,0.96,55.9,reference_generated,reference_v1,960db350-9ee8-4235-9b3e-f185b67d7d69
9e249aef-f33f-4f30-9d9f-3d09b61874b1,Chilli,5.91,22.3,0.58,61.0,reference_generated,reference_v1,960db350-9ee8-4235-9b3e-f185b67d7d69
d8584679-28d5-42c3-93f6-028b9038e9fa,Chilli,5.78,19.2,0.74,64.6,reference_generated,reference_v1,960db350-9ee8-4235-9b3e-f185b67d7d69
8204c07f-33a2-430c-888d-57920c260bc5,Chilli,6.12,25.3,0.2,52.6,reference_generated,reference_v1,960db350-9ee8-4235-9b3e-f185b67d7d69
65456510-22bd-4056-a3db-ca9a93159c1b,Chilli,5.93,27.0,0.31,68.0,reference_generated,reference_v1,960db350-9ee8-4235-9b3e-f185b67d7d69
c7ef37d5-386a-4034-a57e-fc8227385155,Chilli,6.27,24.8,0.3,53.3,reference_generated,reference_v1,960db350-9ee8-4235-9b3e-f185b67d7d69
c4fe886b-0fbe-470b-a9bf-331eb1dead43,Chilli,6.57,21.0,1.03,70.4,reference_generated,reference_v1,960db350-9ee8-4235-9b3e-f185b67d7d69
0afcdabd-8726-423b-a358-e253f9f52cdc,Chilli,6.01,19.4,0.9,67.8,reference_generated,reference_v1,960db350-9ee8-4235-9b3e-f185b67d7d69
6eb397f6-95f4-4666-85f8-e1807d3d5965,Chilli,6.41,25.1,1.07,73.4,reference_generated,reference_v1,960db350-9ee8-4235-9b3e-f185b67d7d69
98fef8b6-0b38-466d-b08f-2558fb128bca,Chilli,5.7,21.3,0.34,52.3,reference_generated,reference_v1,960db350-9ee8-4235-9b3e-f185b67d7d69
7dc135e0-ca73-471f-956d-4df04fb0bf54,Chilli,5.84,25.1,0.8,76.6,reference_generated,reference_v1,960db350-9ee8-4235-9b3e-f185b67d7d69
6dedf66b-e553-495d-8d83-ea61ac608e57,Chilli,5.85,26.5,0.74,51.6,reference_generated,reference_v1,960db350-9ee8-4235-9b3e-f185b67d7d69
2eaaac8a-5c19-46e1-b453-b2425cabb59f,Chilli,6.2,22.3,1.08,69.0,reference_generated,reference_v1,960db350-9ee8-4235-9b3e-f185b67d7d69
81d49f02-5a63-4290-8a3c-ad8bcc9942fe,Chilli,6.29,26.2,0.75,53.7,reference_generated,reference_v1,960db350-9ee8-4235-9b3e-f185b67d7d69
2979bcc4-29a1-4f94-bf03-1c81e4dac2e9,Chilli,5.94,28.4,0.56,61.6,reference_generated,reference_v1,960db350-9ee8-4235-9b3e-f185b67d7d69
f58240ed-259e-4fb7-b55d-a3f0711367dd,Chilli,6.64,25.9,1.13,54.0,reference_generated,reference_v1,960db350-9ee8-4235-9b3e-f185b67d7d69
a76fd8f3-38e7-4d99-bbd8-4bddad813ca4,Chilli,6.45,27.1,1.29,59.1,reference_generated,reference_v1,960db350-9ee8-4235-9b3e-f185b67d7d69
334cd361-2785-4f93-ac9b-3eca6eba193b,Chilli,6.05,25.0,0.7,67.7,reference_generated,reference_v1,960db350-9ee8-4235-9b3e-f185b67d7d69
cf88aa2a-d2f8-423f-a728-06f5c357ffb6,Chilli,6.13,25.2,0.22,68.5,reference_generated,reference_v1,960db350-9ee8-4235-9b3e-f185b67d7d69
83325b1c-4d3f-4e02-8efe-07193f43b287,Chilli,6.18,18.0,1.05,61.3,reference_generated,reference_v1,960db350-9ee8-4235-9b3e-f185b67d7d69
ba70c730-6c3d-4efe-aa1c-87ea935fa22e,Chilli,6.05,26.8,0.59,73.3,reference_generated,reference_v1,960db350-9ee8-4235-9b3e-f185b67d7d69
f7f1e5a2-47ba-44cd-8d9e-711fe1dce50f,Chilli,5.6,20.0,0.88,55.2,reference_generated,reference_v1,960db350-9ee8-4235-9b3e-f185b67d7d69
63549d1b-4f21-413c-8b8e-5ec588ab6feb,Chilli,6.11,24.6,0.94,55.0,reference_generated,reference_v1,960db350-9ee8-4235-9b3e-f185b67d7d69
6fd4c09a-bbd3-41fe-be55-4f2f0030dd91,Chilli,5.57,25.5,0.36,54.5,reference_generated,reference_v1,960db350-9ee8-4235-9b3e-f185b67d7d69
d7d9e690-6bc5-485b-ae4b-a2329f9e4fef,Chilli,6.64,26.6,0.99,64.3,reference_generated,reference_v1,960db350-9ee8-4235-9b3e-f185b67d7d69
2df60a47-68fd-4f28-940d-7486630420f6,Chilli,6.36,25.3,0.89,53.3,reference_generated,reference_v1,960db350-9ee8-4235-9b3e-f185b67d7d69
b1d1e43b-c0e8-4834-b08d-7162ba7f19bb,Chilli,5.98,20.8,1.08,64.8,reference_generated,reference_v1,960db350-9ee8-4235-9b3e-f185b67d7d69
aa4b4b90-4d2f-4fee-a146-ccd330bba911,Chilli,6.6,20.6,1.15,69.5,reference_generated,reference_v1,960db350-9ee8-4235-9b3e-f185b67d7d69
72aa5697-5d2d-4ce0-b54d-49065a662a41,Chilli,6.66,24.9,1.0,62.5,reference_generated,reference_v1,960db350-9ee8-4235-9b3e-f185b67d7d69
533d8fd2-e861-4905-8947-438e6d7f85ed,Chilli,5.92,25.8,0.89,54.1,reference_generated,reference_v1,960db350-9ee8-4235-9b3e-f185b67d7d69
0da178c8-bfb8-4e57-bbaa-7e0ff008d40d,Chilli,6.37,22.9,0.58,70.4,reference_generated,reference_v1,960db350-9ee8-4235-9b3e-f185b67d7d69
caffa378-7328-487d-8744-ae6d8280f55b,Chilli,6.45,25.8,0.75,67.6,reference_generated,reference_v1,960db350-9ee8-4235-9b3e-f185b67d7d69
3d344ea1-8570-4988-84fa-d036931ed804,Chilli,6.05,18.6,1.22,63.1,reference_generated,reference_v1,960db350-9ee8-4235-9b3e-f185b67d7d69
a459181f-f43d-4104-9955-48ecc7538a3c,Chilli,5.68,27.7,0.84,60.0,reference_generated,reference_v1,960db350-9ee8-4235-9b3e-f185b67d7d69
d4cc9846-4f1d-43c8-a2a2-9de193060d63,Chilli,6.14,25.1,1.26,68.9,reference_generated,reference_v1,960db350-9ee8-4235-9b3e-f185b67d7d69
e0697e70-913c-4d72-bbc7-b4adb59b0208,Chilli,6.19,25.5,1.2,76.8,reference_generated,reference_v1,960db350-9ee8-4235-9b3e-f185b67d7d69
ecd2c916-f0f5-4452-8150-5d8a69fbe9dc,Chilli,6.36,25.7,0.57,61.3,reference_generated,reference_v1,960db350-9ee8-4235-9b3e-f185b67d7d69
dccb388b-132c-4e1c-b9a6-f3095147e828,Chilli,5.88,25.4,0.76,58.2,reference_generated,reference_v1,960db350-9ee8-4235-9b3e-f185b67d7d69
b3447ed5-1a9c-4860-a6c9-25e44a7ba9b4,Chilli,5.95,18.4,0.52,57.2,reference_generated,reference_v1,960db350-9ee8-4235-9b3e-f185b67d7d69
fc70ebe4-aaff-4c11-92aa-895b4d1696d1,Chilli,5.66,22.2,1.19,65.5,reference_generated,reference_v1,960db350-9ee8-4235-9b3e-f185b67d7d69
f7016dad-7c96-4532-9138-1dbcc3ef1f49,Chilli,6.29,22.6,0.86,69.8,reference_generated,reference_v1,960db350-9ee8-4235-9b3e-f185b67d7d69
06359ec5-123c-4179-a209-4705af5b000c,Chilli,6.53,18.7,0.84,56.0,reference_generated,reference_v1,960db350-9ee8-4235-9b3e-f185b67d7d69
4709b35a-5f9d-4ccc-ab5e-19c38d8c170b,Chilli,6.31,26.8,0.98,65.9,reference_generated,reference_v1,960db350-9ee8-4235-9b3e-f185b67d7d69
84e4816b-acbf-457b-8287-fb3167bb6c30,Chilli,5.69,25.1,1.4,65.2,reference_generated,reference_v1,960db350-9ee8-4235-9b3e-f185b67d7d69
08bf1325-85fa-42c9-a572-338fab4417ae,Chilli,5.88,22.1,1.38,64.2,reference_generated,reference_v1,960db350-9ee8-4235-9b3e-f185b67d7d69
fcd6205b-2f2c-4a75-a9ca-74c8e1f9c94f,Chilli,6.05,26.0,0.76,66.5,reference_generated,reference_v1,960db350-9ee8-4235-9b3e-f185b67d7d69
c7ce7fb4-ff54-4f59-b4e3-828805bb237b,Chilli,6.47,25.7,1.26,62.8,reference_generated,reference_v1,960db350-9ee8-4235-9b3e-f185b67d7d69
9614f301-fb65-4b48-9ed7-c8bbcdf62abb,Chilli,6.7,19.2,1.15,56.4,reference_generated,reference_v1,960db350-9ee8-4235-9b3e-f185b67d7d69
9a6c7f3d-6d89-4709-ac9c-5bd9edfe0c59,Chilli,5.82,24.0,1.05,56.3,reference_generated,reference_v1,960db350-9ee8-4235-9b3e-f185b67d7d69
5be30f8e-f405-42ba-af57-380ced5bd7b8,Chilli,6.26,19.1,1.45,59.3,reference_generated,reference_v1,960db350-9ee8-4235-9b3e-f185b67d7d69
536e6921-42d2-473d-a878-57dca8dbdba2,Chilli,6.37,19.5,0.45,71.6,reference_generated,reference_v1,960db350-9ee8-4235-9b3e-f185b67d7d69
a504767f-20df-4dd5-8e2f-7a54a2f63530,Chilli,5.67,21.1,0.63,57.2,reference_generated,reference_v1,960db350-9ee8-4235-9b3e-f185b67d7d69
52ba26e3-342a-4c40-8f2a-b149b78c17be,Chilli,5.85,21.6,1.21,65.6,reference_generated,reference_v1,960db350-9ee8-4235-9b3e-f185b67d7d69
01873616-6568-43d6-a7fe-8ba2429e92d9,Chilli,6.55,21.9,0.65,65.8,reference_generated,reference_v1,960db350-9ee8-4235-9b3e-f185b67d7d69
8aa2dac8-1f2d-4719-a038-44c88cbd258f,Chilli,5.61,21.3,0.97,78.7,reference_generated,reference_v1,960db350-9ee8-4235-9b3e-f185b67d7d69
88c81ce6-5946-4e81-918f-6012ba3d6922,Chilli,5.73,23.5,0.54,73.0,reference_generated,reference_v1,960db350-9ee8-4235-9b3e-f185b67d7d69
d6584c6c-3724-4edb-8b58-de9a74dd080f,Chilli,6.65,24.1,0.66,68.7,reference_generated,reference_v1,960db350-9ee8-4235-9b3e-f185b67d7d69
94c53d69-04ea-4642-a89f-68966caf03cf,Chilli,6.19,27.6,1.05,62.4,reference_generated,reference_v1,960db350-9ee8-4235-9b3e-f185b67d7d69
f24eeaf7-33f0-449c-b543-d88dd197e45d,Chilli,5.79,25.3,1.04,63.9,reference_generated,reference_v1,960db350-9ee8-4235-9b3e-f185b67d7d69
c0caa98a-fd9f-4586-ae40-60284d7b1bf5,Chilli,5.96,23.9,0.64,66.5,reference_generated,reference_v1,960db350-9ee8-4235-9b3e-f185b67d7d69
968e6b2b-719b-418a-add9-27a002b7e102,Chilli,6.27,26.9,1.02,57.8,reference_generated,reference_v1,960db350-9ee8-4235-9b3e-f185b67d7d69
348ecfcd-1884-4fcf-b434-fdc598256c16,Chilli,6.43,20.4,0.72,63.7,reference_generated,reference_v1,960db350-9ee8-4235-9b3e-f185b67d7d69
833a7b4d-4bc8-4b60-991a-fbddbe63ed33,Chilli,6.49,25.4,1.04,72.5,reference_generated,reference_v1,960db350-9ee8-4235-9b3e-f185b67d7d69
04ec1b88-bfd1-4e3a-bda0-34afed35956b,Chilli,5.75,21.7,0.85,53.6,reference_generated,reference_v1,960db350-9ee8-4235-9b3e-f185b67d7d69
fd2fe6d5-5487-4304-87ce-2ba833f7d58b,Chilli,6.14,26.8,0.92,58.1,reference_generated,reference_v1,960db350-9ee8-4235-9b3e-f185b67d7d69
0bec4412-afd9-41fa-b936-8e4637e3cdb9,Chilli,5.89,25.2,0.79,75.3,reference_generated,reference_v1,960db350-9ee8-4235-9b3e-f185b67d7d69
841c2cc9-ce5e-4983-95cf-87023bfcc7ce,Chilli,5.79,21.0,0.34,69.5,reference_generated,reference_v1,960db350-9ee8-4235-9b3e-f185b67d7d69
8c8484ee-a75c-47ad-9225-6b59448d8efd,Chilli,6.09,27.6,0.72,69.2,reference_generated,reference_v1,960db350-9ee8-4235-9b3e-f185b67d7d69
170ca160-5b1f-41ec-a978-7bf22c3047ad,Chilli,6.24,25.7,0.97,68.3,reference_generated,reference_v1,960db350-9ee8-4235-9b3e-f185b67d7d69
dbdc329d-1e3a-4dd9-baed-93acb860876f,Chilli,5.88,22.8,0.74,56.4,reference_generated,reference_v1,960db350-9ee8-4235-9b3e-f185b67d7d69
2001351e-1489-4f1c-8158-8118bc0c0be4,Chilli,5.86,19.4,1.32,69.0,reference_generated,reference_v1,960db350-9ee8-4235-9b3e-f185b67d7d69
9d169d1f-6051-48ca-ba7a-288c06f7cefc,Chilli,6.01,23.7,1.07,59.2,reference_generated,reference_v1,960db350-9ee8-4235-9b3e-f185b67d7d69
11e17e3d-86bf-44a7-9370-cbcc1e4e15f9,Chilli,6.53,25.8,0.87,68.3,reference_generated,reference_v1,960db350-9ee8-4235-9b3e-f185b67d7d69
ef156686-1f8d-4f0f-bd36-fc8a5dab9146,Chilli,6.12,26.8,0.98,60.7,reference_generated,reference_v1,960db350-9ee8-4235-9b3e-f185b67d7d69
12a4ec75-2fe4-426d-821b-b2c88c7f64d4,Chilli,5.82,23.8,0.28,76.7,reference_generated,reference_v1,960db350-9ee8-4235-9b3e-f185b67d7d69
5368beb9-85f2-4367-b0d7-00d7c5b5026a,Chilli,6.47,22.2,0.38,54.9,reference_generated,reference_v1,960db350-9ee8-4235-9b3e-f185b67d7d69
73546830-008c-40bb-b437-92b7722a4e6d,Chilli,6.06,28.2,0.88,57.9,reference_generated,reference_v1,960db350-9ee8-4235-9b3e-f185b67d7d69
2de3d7f0-d28f-47ed-b9a6-7a559fd0c76c,Chilli,6.13,23.1,1.05,71.6,reference_generated,reference_v1,960db350-9ee8-4235-9b3e-f185b67d7d69
51ff6890-eec3-4f61-92d4-240b8413512a,Chilli,6.14,23.6,1.09,63.4,reference_generated,reference_v1,960db350-9ee8-4235-9b3e-f185b67d7d69
3cc8db7a-c260-4111-967f-f73da2e59e2d,Chilli,5.81,21.1,1.23,65.5,reference_generated,reference_v1,960db350-9ee8-4235-9b3e-f185b67d7d69
9ffd66a8-986f-4c16-905e-9be48a950a1a,Chilli,5.79,26.6,0.69,70.0,reference_generated,reference_v1,960db350-9ee8-4235-9b3e-f185b67d7d69
b3bc6259-daed-421f-8c2e-fc5e2826dd50,Chilli,5.6,25.6,0.12,64.8,reference_generated,reference_v1,960db350-9ee8-4235-9b3e-f185b67d7d69
6cc6c1e9-788a-4ccb-bff2-aba38f360897,Chilli,5.57,19.7,0.46,59.6,reference_generated,reference_v1,960db350-9ee8-4235-9b3e-f185b67d7d69
6a2009a9-2cd0-4f87-a792-5ec5441e0c20,Chilli,6.34,27.0,0.74,60.7,reference_generated,reference_v1,960db350-9ee8-4235-9b3e-f185b67d7d69
2e8d22c4-e56f-416d-85b3-1c719698a5a5,Chilli,5.99,27.7,0.52,56.8,reference_generated,reference_v1,960db350-9ee8-4235-9b3e-f185b67d7d69
fa87097d-92cf-4dd8-abfe-c1fc122a10bf,Chilli,5.52,24.3,0.27,71.4,reference_generated,reference_v1,960db350-9ee8-4235-9b3e-f185b67d7d69
64aa5bac-ff0a-4111-9b9e-0989fc960a6e,Chilli,6.64,21.2,1.22,71.9,reference_generated,reference_v1,960db350-9ee8-4235-9b3e-f185b67d7d69
c62ae844-0f24-4069-b731-98213e1ed1b1,Chilli,6.57,26.6,0.99,58.8,reference_generated,reference_v1,960db350-9ee8-4235-9b3e-f185b67d7d69
de677412-b314-4b06-b5f2-ba2faac8c6ca,Chilli,6.05,25.2,0.78,61.9,reference_generated,reference_v1,960db350-9ee8-4235-9b3e-f185b67d7d69
9d9ecdf9-e844-4d7d-a4af-10565d062d7a,Chilli,6.51,18.3,0.64,74.6,reference_generated,reference_v1,960db350-9ee8-4235-9b3e-f185b67d7d69
7e3db1dc-c36e-49f3-9b55-d5044148324a,Chilli,6.49,24.1,0.86,66.4,reference_generated,reference_v1,960db350-9ee8-4235-9b3e-f185b67d7d69
fffb4bec-50fb-43c8-9371-5f6eb49788c2,Chilli,6.21,20.6,0.88,73.0,reference_generated,reference_v1,960db350-9ee8-4235-9b3e-f185b67d7d69
32e176ea-045d-406e-bbb5-45165ffad7f9,Chilli,5.79,28.1,1.16,60.8,reference_generated,reference_v1,960db350-9ee8-4235-9b3e-f185b67d7d69
5e1793ad-0d0c-4813-885c-454d8b628468,Chilli,6.11,22.3,0.73,68.1,reference_generated,reference_v1,960db350-9ee8-4235-9b3e-f185b67d7d69
7ee9f929-ae6b-4ca3-890a-b51f598b118d,Chilli,6.01,22.4,0.63,69.8,reference_generated,reference_v1,960db350-9ee8-4235-9b3e-f185b67d7d69
e21721f6-0c88-4258-bb04-894d7114b4a6,Chilli,5.89,18.4,1.27,76.5,reference_generated,reference_v1,960db350-9ee8-4235-9b3e-f185b67d7d69
c42f6ab1-98df-4082-a98b-6ea423f7e3cd,Chilli,6.3,24.1,0.99,55.2,reference_generated,reference_v1,960db350-9ee8-4235-9b3e-f185b67d7d69
3e7ac099-dd63-4c60-87b8-e251eca73c8c,Chilli,6.41,26.3,0.86,78.8,reference_generated,reference_v1,960db350-9ee8-4235-9b3e-f185b67d7d69
ae1db227-e52d-437e-9d59-83d1e1f9ea9b,Chilli,6.2,24.2,0.93,75.7,reference_generated,reference_v1,960db350-9ee8-4235-9b3e-f185b67d7d69
6d85fbbd-bc08-41d3-ab7c-bbed2607de6f,Chilli,5.71,19.2,0.89,66.3,reference_generated,reference_v1,960db350-9ee8-4235-9b3e-f185b67d7d69
8c7599d3-1be5-4963-96f7-8463998abcab,Chilli,5.81,19.7,0.69,69.3,reference_generated,reference_v1,960db350-9ee8-4235-9b3e-f185b67d7d69
ee1b6c44-1244-4cbb-8df0-d0838a1602a6,Chilli,6.64,24.3,0.73,61.7,reference_generated,reference_v1,960db350-9ee8-4235-9b3e-f185b67d7d69
0bdea2cb-f5ac-4aa9-9ff1-cf94e83880e7,Chilli,5.62,26.5,0.7,70.1,reference_generated,reference_v1,960db350-9ee8-4235-9b3e-f185b67d7d69
4f695995-0f23-4b8e-9f8f-d8f05c849f1c,Chilli,6.16,24.0,0.37,57.4,reference_generated,reference_v1,960db350-9ee8-4235-9b3e-f185b67d7d69
df5209b9-3a7c-4aee-a782-3ef44c67e70f,Chilli,5.99,20.9,1.2,66.1,reference_generated,reference_v1,960db350-9ee8-4235-9b3e-f185b67d7d69
2a718b20-c953-451a-8d15-3eb96b51e726,Chilli,6.25,26.1,0.3,66.8,reference_generated,reference_v1,960db350-9ee8-4235-9b3e-f185b67d7d69
3c4a0b0f-5a7d-4a2b-a998-30518217d5cc,Chilli,6.41,21.9,1.14,72.6,reference_generated,reference_v1,960db350-9ee8-4235-9b3e-f185b67d7d69
76996534-3362-4610-bb98-35579a480fae,Chilli,6.31,25.2,0.83,62.2,reference_generated,reference_v1,960db350-9ee8-4235-9b3e-f185b67d7d69
b86bf652-bde5-4c98-82eb-82ea2c606fbf,Chilli,6.47,19.0,1.01,56.6,reference_generated,reference_v1,960db350-9ee8-4235-9b3e-f185b67d7d69
c36b2f18-aa6b-48a5-a8e6-76e83ae3e2bd,Chilli,6.29,26.2,0.25,76.4,reference_generated,reference_v1,960db350-9ee8-4235-9b3e-f185b67d7d69
3bb2b3a4-2a4c-4bc8-bd8d-707ede799b77,Chilli,6.24,22.8,1.09,68.5,reference_generated,reference_v1,960db350-9ee8-4235-9b3e-f185b67d7d69
25f17d77-a82a-4c3a-aa89-483b7d419b71,Chilli,6.36,25.8,0.71,63.7,reference_generated,reference_v1,960db350-9ee8-4235-9b3e-f185b67d7d69
f46b0179-7d82-4a0b-a2c5-c9fed38afcca,Chilli,6.51,26.4,0.87,66.2,reference_generated,reference_v1,960db350-9ee8-4235-9b3e-f185b67d7d69
6c2e4cbc-2f8c-4263-be70-2404c24e67af,Chilli,6.16,22.0,0.43,74.3,reference_generated,reference_v1,960db350-9ee8-4235-9b3e-f185b67d7d69
dfa1ea19-7a38-43a7-a695-68d67823e1e9,Chilli,6.51,23.7,0.55,63.7,reference_generated,reference_v1,960db350-9ee8-4235-9b3e-f185b67d7d69
675c21ba-5c36-456a-ab68-4c030153070a,Chilli,6.47,29.1,0.89,63.6,reference_generated,reference_v1,960db350-9ee8-4235-9b3e-f185b67d7d69
07db8745-e49c-41e6-9ece-923b699c1497,Chilli,5.8,23.7,1.11,66.1,reference_generated,reference_v1,960db350-9ee8-4235-9b3e-f185b67d7d69
19c11768-3dd4-4eb1-8cb4-d086be930d6a,Chilli,5.84,22.8,0.52,66.9,reference_generated,reference_v1,960db350-9ee8-4235-9b3e-f185b67d7d69
11796139-62c5-4550-a08f-5955711d59f0,Chilli,6.32,27.9,0.59,66.6,reference_generated,reference_v1,960db350-9ee8-4235-9b3e-f185b67d7d69
39ebb9c3-4e4d-4b17-bd34-c289f5ca5df0,Chilli,6.57,25.2,1.34,75.9,reference_generated,reference_v1,960db350-9ee8-4235-9b3e-f185b67d7d69
a281d5b1-e1dd-48b1-b96c-56cc501d06d8,Chilli,5.95,24.0,0.62,71.1,reference_generated,reference_v1,960db350-9ee8-4235-9b3e-f185b67d7d69
d6ad369f-0be1-4435-964b-0486511dc908,Chilli,6.17,19.3,0.84,61.2,reference_generated,reference_v1,960db350-9ee8-4235-9b3e-f185b67d7d69
5a2f0eb7-bbe1-498d-85ad-d020796ff3cd,Chilli,6.33,24.3,0.79,58.0,reference_generated,reference_v1,960db350-9ee8-4235-9b3e-f185b67d7d69
c4edc440-bbdb-40a4-8bdf-e8606e72cdca,Chilli,5.57,21.6,1.23,59.2,reference_generated,reference_v1,960db350-9ee8-4235-9b3e-f185b67d7d69
470c2c60-eabb-433c-9499-1dc4228c7164,Chilli,6.29,28.2,1.29,71.7,reference_generated,reference_v1,960db350-9ee8-4235-9b3e-f185b67d7d69
2e2060b1-88dd-4646-a1fa-71d655cd4dc2,Chilli,5.91,22.9,1.31,64.3,reference_generated,reference_v1,960db350-9ee8-4235-9b3e-f185b67d7d69
7394fdf8-5961-418d-8e58-b87e3325c6cf,Chilli,6.18,22.6,0.97,61.9,reference_generated,reference_v1,960db350-9ee8-4235-9b3e-f185b67d7d69
cc149a1f-39db-4be8-933b-5b0e003ef60e,Chilli,5.64,25.6,0.8,72.1,reference_generated,reference_v1,960db350-9ee8-4235-9b3e-f185b67d7d69
b2889467-d2ab-4e52-8b37-0de254865b01,Chilli,5.88,26.6,1.1,74.0,reference_generated,reference_v1,960db350-9ee8-4235-9b3e-f185b67d7d69
3d593811-6324-4454-8d01-d7bbc69bbc34,Chilli,6.24,26.1,1.05,52.3,reference_generated,reference_v1,960db350-9ee8-4235-9b3e-f185b67d7d69
6f50dc98-c995-4915-b928-dbb846ac9d14,Chilli,6.1,26.4,0.72,57.0,reference_generated,reference_v1,960db350-9ee8-4235-9b3e-f185b67d7d69
0e9c4a0c-13d5-40c3-a2c6-db53c858e132,Chilli,5.96,26.5,1.19,69.5,reference_generated,reference_v1,960db350-9ee8-4235-9b3e-f185b67d7d69
b81577fb-1c60-4f87-a42f-20285f6c99e5,Chilli,6.14,18.3,0.91,61.4,reference_generated,reference_v1,960db350-9ee8-4235-9b3e-f185b67d7d69
4bf77733-5dbf-4134-bf2f-5d0cc3d6ef8a,Chilli,6.32,21.7,0.33,63.1,reference_generated,reference_v1,960db350-9ee8-4235-9b3e-f185b67d7d69
f4651ff9-0dbc-494b-b6a0-031beafc7dc6,Chilli,6.19,25.5,0.59,62.0,reference_generated,reference_v1,960db350-9ee8-4235-9b3e-f185b67d7d69
99882a69-330d-4d7a-9c53-668b643ff62b,Chilli,5.8,19.7,0.92,71.5,reference_generated,reference_v1,960db350-9ee8-4235-9b3e-f185b67d7d69
c9f2c5b0-a9cb-44e5-ba44-b378cb758ab6,Chilli,5.73,26.4,1.11,72.3,reference_generated,reference_v1,960db350-9ee8-4235-9b3e-f185b67d7d69
0a9ed779-62e3-4117-85c2-e70168b8e3ad,Chilli,6.42,26.5,0.97,64.1,reference_generated,reference_v1,960db350-9ee8-4235-9b3e-f185b67d7d69
e74637b8-5a2c-49db-ae1e-243f14f745e4,Chilli,6.22,19.8,1.26,68.3,reference_generated,reference_v1,960db350-9ee8-4235-9b3e-f185b67d7d69
f51d2435-923e-4b10-8fda-ff6cc79a770b,Chilli,6.28,21.2,0.49,63.1,reference_generated,reference_v1,960db350-9ee8-4235-9b3e-f185b67d7d69
b900c076-b47c-4062-ac34-947b0cb3d7e1,Chilli,6.02,21.5,0.86,58.9,reference_generated,reference_v1,960db350-9ee8-4235-9b3e-f185b67d7d69
3fe08f29-56c8-46aa-8648-457696bff83a,Chilli,6.36,26.3,1.14,68.0,reference_generated,reference_v1,960db350-9ee8-4235-9b3e-f185b67d7d69
cd76cb85-803b-4c39-bf6d-4d303dc38e0e,Brinjal,5.82,26.7,1.26,63.6,reference_generated,reference_v1,960db350-9ee8-4235-9b3e-f185b67d7d69
ac8d5f05-e7a6-4861-9bbe-18b53ec96bf9,Brinjal,6.28,30.7,0.56,63.8,reference_generated,reference_v1,960db350-9ee8-4235-9b3e-f185b67d7d69
37c052a6-1b30-4ddf-bf97-0cf24fe3504c,Brinjal,6.51,24.3,0.82,74.5,reference_generated,reference_v1,960db350-9ee8-4235-9b3e-f185b67d7d69
bd30cf74-aaef-4bfe-9584-99d3387eede8,Brinjal,5.88,21.9,0.95,56.4,reference_generated,reference_v1,960db350-9ee8-4235-9b3e-f185b67d7d69
d5eae28d-944a-4e63-ba7e-70940e93b334,Brinjal,6.17,33.9,1.21,71.6,reference_generated,reference_v1,960db350-9ee8-4235-9b3e-f185b67d7d69
c065565d-dd2f-463f-b2e0-679ef78dec73,Brinjal,6.41,32.3,0.28,68.4,reference_generated,reference_v1,960db350-9ee8-4235-9b3e-f185b67d7d69
0077c308-4d2a-409a-8cc1-83aaa6226eb4,Brinjal,6.46,32.6,0.52,75.1,reference_generated,reference_v1,960db350-9ee8-4235-9b3e-f185b67d7d69
d9d25a40-a2e4-476b-8ea2-c691d9d5af8c,Brinjal,6.41,29.6,0.27,67.3,reference_generated,reference_v1,960db350-9ee8-4235-9b3e-f185b67d7d69
e53d4d30-846e-45cf-8a48-1cb70cbbff24,Brinjal,6.54,34.1,0.78,61.2,reference_generated,reference_v1,960db350-9ee8-4235-9b3e-f185b67d7d69
70a7fddc-5ad5-4778-8b2d-e4ef58d946c3,Brinjal,6.07,28.6,0.5,52.7,reference_generated,reference_v1,960db350-9ee8-4235-9b3e-f185b67d7d69
5db19c2c-1815-4b87-a0c0-d9c5dc38fe4c,Brinjal,6.2,34.1,0.52,57.5,reference_generated,reference_v1,960db350-9ee8-4235-9b3e-f185b67d7d69
2e20a8ae-7b77-46ed-9794-0bc3149fd052,Brinjal,5.73,30.2,1.04,58.1,reference_generated,reference_v1,960db350-9ee8-4235-9b3e-f185b67d7d69
a9415545-1c46-45b1-b194-fd31962252d8,Brinjal,6.01,31.6,0.7,59.0,reference_generated,reference_v1,960db350-9ee8-4235-9b3e-f185b67d7d69
87309810-1587-4cad-a3a2-13d932bdbe5b,Brinjal,6.37,27.8,0.23,61.6,reference_generated,reference_v1,960db350-9ee8-4235-9b3e-f185b67d7d69
2f20ebdf-5f70-4cc7-af68-14e2281919f0,Brinjal,5.96,31.2,0.39,68.8,reference_generated,reference_v1,960db350-9ee8-4235-9b3e-f185b67d7d69
3b0b1395-04ea-4a6e-98d3-44538d773eae,Brinjal,6.6,24.2,0.79,70.5,reference_generated,reference_v1,960db350-9ee8-4235-9b3e-f185b67d7d69
176bb07c-6878-42e8-9037-22f4f93f4785,Brinjal,6.38,31.2,1.18,64.8,reference_generated,reference_v1,960db350-9ee8-4235-9b3e-f185b67d7d69
8589d1ca-6a3f-4fac-a443-44956cc24148,Brinjal,6.75,30.0,1.08,55.7,reference_generated,reference_v1,960db350-9ee8-4235-9b3e-f185b67d7d69
d0d9513d-47b5-4c2a-8e6e-8faac09032af,Brinjal,6.04,32.3,0.94,72.2,reference_generated,reference_v1,960db350-9ee8-4235-9b3e-f185b67d7d69
68914da3-091b-4af8-a22b-2b5290fcca21,Brinjal,6.48,31.4,1.27,68.6,reference_generated,reference_v1,960db350-9ee8-4235-9b3e-f185b67d7d69
e5fa34b5-a3eb-49eb-a908-6701d5ca4327,Brinjal,6.39,28.4,0.99,55.2,reference_generated,reference_v1,960db350-9ee8-4235-9b3e-f185b67d7d69
53a483fa-0044-4722-b52a-ef85eb560392,Brinjal,6.08,30.4,0.58,65.4,reference_generated,reference_v1,960db350-9ee8-4235-9b3e-f185b67d7d69
7568dfef-6150-4d8e-8be8-ca94298bd198,Brinjal,5.95,27.7,1.09,67.3,reference_generated,reference_v1,960db350-9ee8-4235-9b3e-f185b67d7d69
26c8e7a4-cf4f-468a-ab3a-7e59ff2e6ec5,Brinjal,6.17,25.9,0.89,72.8,reference_generated,reference_v1,960db350-9ee8-4235-9b3e-f185b67d7d69
eb73758e-6cd4-4343-b8c7-fff26a54e38d,Brinjal,5.81,27.0,0.67,76.3,reference_generated,reference_v1,960db350-9ee8-4235-9b3e-f185b67d7d69
20abb33e-585e-4756-b88b-bb991e195aee,Brinjal,6.26,24.4,0.57,66.4,reference_generated,reference_v1,960db350-9ee8-4235-9b3e-f185b67d7d69
6fa1abd2-08f5-4749-8831-abb18e4049e7,Brinjal,6.3,27.9,1.33,74.4,reference_generated,reference_v1,960db350-9ee8-4235-9b3e-f185b67d7d69
7e62d920-4bbe-451b-bdf7-dd91acc1248d,Brinjal,6.31,30.2,0.56,52.6,reference_generated,reference_v1,960db350-9ee8-4235-9b3e-f185b67d7d69
d9b26360-6ca0-4957-8231-aebc5b3059e1,Brinjal,6.18,22.7,0.18,66.6,reference_generated,reference_v1,960db350-9ee8-4235-9b3e-f185b67d7d69
50e97e78-07e4-483b-86c7-e4a5e0bd54d5,Brinjal,6.02,30.9,1.1,75.8,reference_generated,reference_v1,960db350-9ee8-4235-9b3e-f185b67d7d69
eb393268-be51-4fc7-a196-4c6cb4efb13e,Brinjal,6.16,25.4,0.68,73.4,reference_generated,reference_v1,960db350-9ee8-4235-9b3e-f185b67d7d69
fad90e68-600c-419d-8807-b2e9e4347dbc,Brinjal,5.8,29.9,0.66,67.1,reference_generated,reference_v1,960db350-9ee8-4235-9b3e-f185b67d7d69
486d7af8-870c-40d2-94bc-6cfee346e165,Brinjal,6.37,27.9,0.58,79.2,reference_generated,reference_v1,960db350-9ee8-4235-9b3e-f185b67d7d69
f3e4dd08-6b6f-4051-bc37-3cf751e0e611,Brinjal,6.03,29.1,0.86,53.7,reference_generated,reference_v1,960db350-9ee8-4235-9b3e-f185b67d7d69
e435926c-2754-4712-9248-651a1207f056,Brinjal,6.43,21.5,1.06,55.8,reference_generated,reference_v1,960db350-9ee8-4235-9b3e-f185b67d7d69
8f1e8a74-815f-494c-b86e-74d565165a6c,Brinjal,6.1,26.7,1.22,62.2,reference_generated,reference_v1,960db350-9ee8-4235-9b3e-f185b67d7d69
07ad0212-5854-476c-b681-ca806ddeae46,Brinjal,6.09,28.8,0.92,69.7,reference_generated,reference_v1,960db350-9ee8-4235-9b3e-f185b67d7d69
0eae33cf-68d0-442b-8ee5-7b83e9c42d03,Brinjal,5.84,30.3,1.2,63.2,reference_generated,reference_v1,960db350-9ee8-4235-9b3e-f185b67d7d69
e7377432-bbd0-4f01-a107-115359361c38,Brinjal,6.66,28.5,0.53,69.7,reference_generated,reference_v1,960db350-9ee8-4235-9b3e-f185b67d7d69
66a46eb3-d1d2-489b-acf7-3585e59de7e3,Brinjal,6.53,30.3,0.16,57.9,reference_generated,reference_v1,960db350-9ee8-4235-9b3e-f185b67d7d69
da6eab72-5417-4439-8dd2-7c267162f1b5,Brinjal,6.4,21.3,1.4,57.8,reference_generated,reference_v1,960db350-9ee8-4235-9b3e-f185b67d7d69
dc1c88f1-ff84-4cc3-bf05-e70d8ad6c9f5,Brinjal,6.48,26.3,0.7,67.6,reference_generated,reference_v1,960db350-9ee8-4235-9b3e-f185b67d7d69
381dafb7-a970-4e8a-a6ac-f890ea288960,Brinjal,6.24,32.8,1.1,71.1,reference_generated,reference_v1,960db350-9ee8-4235-9b3e-f185b67d7d69
19c364c9-0449-47db-afa2-61eb551e28a4,Brinjal,6.04,28.2,0.33,59.4,reference_generated,reference_v1,960db350-9ee8-4235-9b3e-f185b67d7d69
445aa629-9b36-4e6a-913b-a9b13df29c84,Brinjal,6.12,25.6,0.87,65.4,reference_generated,reference_v1,960db350-9ee8-4235-9b3e-f185b67d7d69
0a6a33a1-df52-474d-88bc-6f34d62ef8c1,Brinjal,6.08,28.1,0.49,72.8,reference_generated,reference_v1,960db350-9ee8-4235-9b3e-f185b67d7d69
1dd053e5-ee93-4521-9bdf-0fa1915f56a0,Brinjal,6.14,26.7,0.82,55.2,reference_generated,reference_v1,960db350-9ee8-4235-9b3e-f185b67d7d69
bd9ea482-1475-4819-8727-d05d892a2329,Brinjal,5.95,29.8,0.88,60.0,reference_generated,reference_v1,960db350-9ee8-4235-9b3e-f185b67d7d69
5ad963cc-1860-482a-9aec-55d392598bda,Brinjal,6.41,30.9,1.08,76.3,reference_generated,reference_v1,960db350-9ee8-4235-9b3e-f185b67d7d69
0bcdb03b-5786-44b3-8e54-9e6a5e6e899f,Brinjal,5.96,28.4,0.74,77.3,reference_generated,reference_v1,960db350-9ee8-4235-9b3e-f185b67d7d69
f3fd6c15-6b33-4fe3-b3f5-d41d081427fa,Brinjal,5.9,28.6,0.53,71.5,reference_generated,reference_v1,960db350-9ee8-4235-9b3e-f185b67d7d69
3314958c-8795-4c85-9817-4de7c65f2502,Brinjal,6.08,25.5,0.67,64.3,reference_generated,reference_v1,960db350-9ee8-4235-9b3e-f185b67d7d69
1217ebfe-e3d6-4ef9-8566-25c6043ff6f1,Brinjal,6.69,26.5,1.34,63.6,reference_generated,reference_v1,960db350-9ee8-4235-9b3e-f185b67d7d69
2889b568-7601-485f-8c38-9fa389497098,Brinjal,5.96,29.2,0.94,76.2,reference_generated,reference_v1,960db350-9ee8-4235-9b3e-f185b67d7d69
69ebff54-1f70-4cce-a551-8568aaadc79a,Brinjal,6.63,23.4,0.3,62.2,reference_generated,reference_v1,960db350-9ee8-4235-9b3e-f185b67d7d69
94ecd7e8-36c4-423f-ba18-ffbc0e3f05e8,Brinjal,5.62,26.9,0.65,60.8,reference_generated,reference_v1,960db350-9ee8-4235-9b3e-f185b67d7d69
607e09e3-026a-463a-8b68-cf2d9f70b609,Brinjal,5.71,30.6,0.85,65.2,reference_generated,reference_v1,960db350-9ee8-4235-9b3e-f185b67d7d69
2b79d9e4-b1ce-471d-91db-0b0c3b18b396,Brinjal,6.65,33.4,1.14,69.3,reference_generated,reference_v1,960db350-9ee8-4235-9b3e-f185b67d7d69
55d22ec9-b3af-4b98-a1fc-39036e002102,Brinjal,6.35,31.4,1.31,69.2,reference_generated,reference_v1,960db350-9ee8-4235-9b3e-f185b67d7d69
f2a86696-879b-4745-a093-ce02ffa765c9,Brinjal,6.65,31.5,1.08,63.0,reference_generated,reference_v1,960db350-9ee8-4235-9b3e-f185b67d7d69
a6fad64d-f21f-4786-9543-3273a08c7eab,Brinjal,6.5,21.9,0.54,65.9,reference_generated,reference_v1,960db350-9ee8-4235-9b3e-f185b67d7d69
c06f69c9-fe5e-4523-9008-61ca069986be,Brinjal,6.33,30.9,0.5,66.2,reference_generated,reference_v1,960db350-9ee8-4235-9b3e-f185b67d7d69
d828ac31-61b9-41c5-a0ce-f7a1da938877,Brinjal,5.94,29.4,0.94,53.9,reference_generated,reference_v1,960db350-9ee8-4235-9b3e-f185b67d7d69
cb37ad70-b307-47f1-beb0-d6e5ab5031c6,Brinjal,6.62,25.5,0.79,77.0,reference_generated,reference_v1,960db350-9ee8-4235-9b3e-f185b67d7d69
4edbbc66-d48b-48f4-a587-60a265f732ee,Brinjal,6.34,27.9,0.56,60.9,reference_generated,reference_v1,960db350-9ee8-4235-9b3e-f185b67d7d69
620ce1bd-1746-4150-a833-8d0023a26cd4,Brinjal,5.97,29.0,0.41,73.0,reference_generated,reference_v1,960db350-9ee8-4235-9b3e-f185b67d7d69
5d061df8-e314-4f05-860a-56b3904a3f17,Brinjal,5.93,25.3,0.97,69.8,reference_generated,reference_v1,960db350-9ee8-4235-9b3e-f185b67d7d69
fc6e0f0e-b2b3-49ac-bc58-739b4fb2e4bd,Brinjal,5.72,32.2,0.58,65.1,reference_generated,reference_v1,960db350-9ee8-4235-9b3e-f185b67d7d69
810753e2-d63f-42f2-86b8-cdc7cb070221,Brinjal,6.5,29.9,0.94,70.3,reference_generated,reference_v1,960db350-9ee8-4235-9b3e-f185b67d7d69
f423ec70-3027-4dc6-90fa-125d44fd295e,Brinjal,5.72,27.4,0.88,64.4,reference_generated,reference_v1,960db350-9ee8-4235-9b3e-f185b67d7d69
64ff9372-6644-4ad3-8425-b1b5cb023b9a,Brinjal,6.63,31.2,1.18,65.9,reference_generated,reference_v1,960db350-9ee8-4235-9b3e-f185b67d7d69
0f3e11fb-6607-43aa-82ea-e73a551f35e7,Brinjal,6.43,26.9,1.37,59.7,reference_generated,reference_v1,960db350-9ee8-4235-9b3e-f185b67d7d69
7896d914-3d58-4f92-937e-a023bc6b44a7,Brinjal,6.49,28.2,0.35,61.5,reference_generated,reference_v1,960db350-9ee8-4235-9b3e-f185b67d7d69
842877a7-4266-4a69-86ba-0502090365b8,Brinjal,6.27,23.1,0.51,66.0,reference_generated,reference_v1,960db350-9ee8-4235-9b3e-f185b67d7d69
393517e8-77a9-47f4-af15-ae25ac467687,Brinjal,5.75,31.3,1.3,66.2,reference_generated,reference_v1,960db350-9ee8-4235-9b3e-f185b67d7d69
a531d690-9afa-4e80-bdb3-7e29dacea5aa,Brinjal,6.18,21.2,1.09,64.2,reference_generated,reference_v1,960db350-9ee8-4235-9b3e-f185b67d7d69
b442920f-0d41-409c-87ec-aa0d3f8593c1,Brinjal,5.87,31.3,0.46,55.1,reference_generated,reference_v1,960db350-9ee8-4235-9b3e-f185b67d7d69
d3851c1d-e2ac-48e9-be92-e1feea611f1d,Brinjal,6.18,25.4,1.32,73.0,reference_generated,reference_v1,960db350-9ee8-4235-9b3e-f185b67d7d69
79325fe2-9d18-46e7-bd52-175de60ffe76,Brinjal,5.57,27.1,0.33,62.9,reference_generated,reference_v1,960db350-9ee8-4235-9b3e-f185b67d7d69
6c4caa8e-19dd-43dc-8781-81fd532c2b0e,Brinjal,5.75,21.1,0.32,61.7,reference_generated,reference_v1,960db350-9ee8-4235-9b3e-f185b67d7d69
2c7d67ee-8a28-4c5b-87ca-19d9ff0acdc5,Brinjal,5.69,23.8,0.64,69.2,reference_generated,reference_v1,960db350-9ee8-4235-9b3e-f185b67d7d69
9aab6137-cfe1-4f5b-a83c-d17cead72f56,Brinjal,6.41,30.5,1.21,68.9,reference_generated,reference_v1,960db350-9ee8-4235-9b3e-f185b67d7d69
5d469283-c978-4add-a7b1-d017314025ee,Brinjal,6.39,25.1,0.76,71.1,reference_generated,reference_v1,960db350-9ee8-4235-9b3e-f185b67d7d69
f315e163-7472-4746-8bbc-cd53cd08e482,Brinjal,6.66,28.2,0.93,68.3,reference_generated,reference_v1,960db350-9ee8-4235-9b3e-f185b67d7d69
55ffe4a8-9104-430d-accd-d5a94a14d8fd,Brinjal,6.21,26.1,0.23,63.3,reference_generated,reference_v1,960db350-9ee8-4235-9b3e-f185b67d7d69
2f455703-f056-46a5-bde3-68e9878ad41a,Brinjal,6.06,30.8,1.37,63.7,reference_generated,reference_v1,960db350-9ee8-4235-9b3e-f185b67d7d69
da35a22a-ee34-4bd0-90db-673b5c817a00,Brinjal,5.91,31.8,0.7,61.2,reference_generated,reference_v1,960db350-9ee8-4235-9b3e-f185b67d7d69
210713a5-009f-466a-828c-001424a41435,Brinjal,6.06,31.9,1.06,64.0,reference_generated,reference_v1,960db350-9ee8-4235-9b3e-f185b67d7d69
fdece1de-3300-470b-954a-ecd9b5dc7377,Brinjal,5.95,24.5,0.72,60.5,reference_generated,reference_v1,960db350-9ee8-4235-9b3e-f185b67d7d69
0e0e4602-fb37-43ae-b0fe-6fa6d99014a6,Brinjal,5.72,30.7,0.85,64.2,reference_generated,reference_v1,960db350-9ee8-4235-9b3e-f185b67d7d69
731cb72c-4f40-4fb5-973d-f6b302f59d64,Brinjal,6.37,33.2,0.59,67.6,reference_generated,reference_v1,960db350-9ee8-4235-9b3e-f185b67d7d69
0e0ecd6c-71c3-4469-a542-c2bc892549bf,Brinjal,6.03,23.9,0.3,60.4,reference_generated,reference_v1,960db350-9ee8-4235-9b3e-f185b67d7d69
df2c5fed-98ff-4a5e-8f1b-80b1d8d82bea,Brinjal,6.64,25.7,0.54,74.5,reference_generated,reference_v1,960db350-9ee8-4235-9b3e-f185b67d7d69
164ab35f-9268-4d52-baf1-591467bd2664,Brinjal,6.44,27.1,1.06,76.3,reference_generated,reference_v1,960db350-9ee8-4235-9b3e-f185b67d7d69
ed8b3f95-88b0-456b-a12e-95776906618f,Brinjal,5.77,27.4,0.48,57.1,reference_generated,reference_v1,960db350-9ee8-4235-9b3e-f185b67d7d69
ee421198-80cb-4b01-8cdd-6336cae81b04,Brinjal,6.32,24.6,1.1,63.2,reference_generated,reference_v1,960db350-9ee8-4235-9b3e-f185b67d7d69
fd288efc-2fb9-41f5-80ac-1756768f0f9f,Brinjal,6.44,27.1,1.15,65.5,reference_generated,reference_v1,960db350-9ee8-4235-9b3e-f185b67d7d69
36f533eb-2442-43ed-bf2b-e6e5d7302215,Brinjal,6.54,26.7,0.25,65.4,reference_generated,reference_v1,960db350-9ee8-4235-9b3e-f185b67d7d69
e49c8c2e-7cf7-4a51-9ed2-b83c99d5273c,Brinjal,6.32,23.8,0.63,61.6,reference_generated,reference_v1,960db350-9ee8-4235-9b3e-f185b67d7d69
00ce420e-1f7a-47d3-9876-f86639f871a6,Brinjal,6.39,30.4,1.07,71.4,reference_generated,reference_v1,960db350-9ee8-4235-9b3e-f185b67d7d69
59c85cda-0ef5-4a3a-96eb-0d4cd3c000ea,Brinjal,6.07,23.6,0.65,74.1,reference_generated,reference_v1,960db350-9ee8-4235-9b3e-f185b67d7d69
f0412bd9-2c96-441a-819a-c97641cbf981,Brinjal,5.86,26.8,1.29,67.9,reference_generated,reference_v1,960db350-9ee8-4235-9b3e-f185b67d7d69
1853aa8f-f5fc-4d4c-a73f-e55fd2e45c36,Brinjal,6.51,26.1,0.68,59.6,reference_generated,reference_v1,960db350-9ee8-4235-9b3e-f185b67d7d69
50ef109e-8d6f-4d46-b1be-38aff6fce6c7,Brinjal,6.12,28.1,0.21,73.9,reference_generated,reference_v1,960db350-9ee8-4235-9b3e-f185b67d7d69
39ac3eb7-7ffd-4c24-94be-ba0edff364eb,Brinjal,6.63,25.0,1.04,62.7,reference_generated,reference_v1,960db350-9ee8-4235-9b3e-f185b67d7d69
b4f9c789-f926-4561-a600-be1078bb16aa,Brinjal,6.64,27.3,0.52,76.2,reference_generated,reference_v1,960db350-9ee8-4235-9b3e-f185b67d7d69
7434cd8d-2061-44aa-be91-69fca355ba47,Brinjal,5.65,29.4,0.85,60.8,reference_generated,reference_v1,960db350-9ee8-4235-9b3e-f185b67d7d69
5756f405-4e54-4fb3-924c-493582f0feda,Brinjal,6.28,28.2,1.15,64.6,reference_generated,reference_v1,960db350-9ee8-4235-9b3e-f185b67d7d69
45fda622-762c-45b7-810d-6764a3f48bf6,Brinjal,5.95,23.6,1.3,71.8,reference_generated,reference_v1,960db350-9ee8-4235-9b3e-f185b67d7d69
f78cd90d-f28b-4bbf-b392-a8ddee767897,Brinjal,5.81,23.1,0.2,58.4,reference_generated,reference_v1,960db350-9ee8-4235-9b3e-f185b67d7d69
5982eb71-69e0-4f4e-9156-983a58875b7a,Brinjal,6.0,26.6,0.9,68.7,reference_generated,reference_v1,960db350-9ee8-4235-9b3e-f185b67d7d69
8d53e3e8-95d2-4ba8-a058-bf0f80ded75b,Brinjal,5.87,31.9,0.75,73.4,reference_generated,reference_v1,960db350-9ee8-4235-9b3e-f185b67d7d69
8e082f12-671a-47cd-999f-b297175eadb2,Brinjal,5.91,25.3,0.46,60.6,reference_generated,reference_v1,960db350-9ee8-4235-9b3e-f185b67d7d69
94d61d34-a487-4bd7-9c80-e4684bce9056,Brinjal,5.92,23.3,0.62,59.4,reference_generated,reference_v1,960db350-9ee8-4235-9b3e-f185b67d7d69
6350d403-b3c9-4a41-853a-2da35560c350,Brinjal,6.77,28.6,0.49,74.4,reference_generated,reference_v1,960db350-9ee8-4235-9b3e-f185b67d7d69
2031483f-0632-47bc-85b1-fbe05a128dc0,Brinjal,6.64,29.2,0.49,63.3,reference_generated,reference_v1,960db350-9ee8-4235-9b3e-f185b67d7d69
c25cd215-94a3-4f26-9ed2-cad730f59e32,Brinjal,6.37,30.3,0.54,58.4,reference_generated,reference_v1,960db350-9ee8-4235-9b3e-f185b67d7d69
4565e59c-7ab9-4fd0-86d2-4dab1b8159a8,Brinjal,6.33,28.3,1.36,64.4,reference_generated,reference_v1,960db350-9ee8-4235-9b3e-f185b67d7d69
7877fd96-fe77-41de-92b2-e9f14b6be6ea,Brinjal,6.03,21.8,0.76,57.9,reference_generated,reference_v1,960db350-9ee8-4235-9b3e-f185b67d7d69
fdfdc505-d656-47fe-ad7b-6282b7a43adc,Brinjal,6.53,25.9,0.67,67.5,reference_generated,reference_v1,960db350-9ee8-4235-9b3e-f185b67d7d69
09f4f02c-189c-48a0-a06b-ff518f9e5e0e,Brinjal,6.23,21.8,1.09,68.8,reference_generated,reference_v1,960db350-9ee8-4235-9b3e-f185b67d7d69
ab3505e4-0002-4cb3-b8b7-5dd70af4c23e,Brinjal,6.16,26.8,0.43,54.9,reference_generated,reference_v1,960db350-9ee8-4235-9b3e-f185b67d7d69
7e404f49-00c7-45bc-aa27-df0b3883b262,Brinjal,6.33,27.2,1.45,58.3,reference_generated,reference_v1,960db350-9ee8-4235-9b3e-f185b67d7d69
4dab5f45-61ef-4f41-8c17-cc5eabe245e3,Brinjal,6.56,28.6,0.51,57.8,reference_generated,reference_v1,960db350-9ee8-4235-9b3e-f185b67d7d69
a07495a4-e33c-4be8-8ce5-993f9b22a12f,Brinjal,6.1,27.0,1.05,70.8,reference_generated,reference_v1,960db350-9ee8-4235-9b3e-f185b67d7d69
5e5d6931-405e-492f-9f6c-8b6ca4792bb3,Brinjal,5.88,30.8,1.28,63.5,reference_generated,reference_v1,960db350-9ee8-4235-9b3e-f185b67d7d69
2cc3d796-c015-4731-82f8-4f13f102c6af,Brinjal,5.59,32.4,0.9,70.3,reference_generated,reference_v1,960db350-9ee8-4235-9b3e-f185b67d7d69
40e3a136-7389-4196-b10b-dd73f6bea227,Brinjal,5.78,29.9,0.22,70.3,reference_generated,reference_v1,960db350-9ee8-4235-9b3e-f185b67d7d69
28b6274f-6922-4b2b-993d-8bd0620401cf,Brinjal,6.35,28.2,0.58,51.6,reference_generated,reference_v1,960db350-9ee8-4235-9b3e-f185b67d7d69
5f202ef2-da4a-4a93-ab27-917c0781400e,Brinjal,5.92,28.2,1.07,75.0,reference_generated,reference_v1,960db350-9ee8-4235-9b3e-f185b67d7d69
065f9c25-ce88-45f3-8bc5-c49e3b84c553,Brinjal,6.31,28.7,0.24,57.1,reference_generated,reference_v1,960db350-9ee8-4235-9b3e-f185b67d7d69
291e9606-8ec8-4b3b-9b1f-12214c1019b4,Brinjal,6.4,27.1,0.21,69.2,reference_generated,reference_v1,960db350-9ee8-4235-9b3e-f185b67d7d69
5ebadc14-1054-4cee-a78c-a969c4d04908,Brinjal,6.34,29.1,1.16,72.5,reference_generated,reference_v1,960db350-9ee8-4235-9b3e-f185b67d7d69
93c59a01-5b95-4407-85e2-434fb9a9f258,Brinjal,5.77,26.6,0.94,53.5,reference_generated,reference_v1,960db350-9ee8-4235-9b3e-f185b67d7d69
786423ba-df37-4d65-b488-2ac8eb910fe5,Brinjal,5.93,31.5,0.28,74.4,reference_generated,reference_v1,960db350-9ee8-4235-9b3e-f185b67d7d69
bdcf88a9-0a17-49bc-8925-c056cfa645b8,Brinjal,6.67,26.9,0.56,63.0,reference_generated,reference_v1,960db350-9ee8-4235-9b3e-f185b67d7d69
c116c72a-ea98-49cb-8589-4bab9e07be93,Brinjal,6.61,27.0,0.7,68.7,reference_generated,reference_v1,960db350-9ee8-4235-9b3e-f185b67d7d69
de41e343-7f47-4483-b57f-f9e24f1f89b7,Brinjal,6.63,27.2,0.91,70.4,reference_generated,reference_v1,960db350-9ee8-4235-9b3e-f185b67d7d69
e4ce8592-9c55-48f1-8b49-3344513d742b,Brinjal,6.46,22.7,0.45,54.9,reference_generated,reference_v1,960db350-9ee8-4235-9b3e-f185b67d7d69
d11b0d3b-1ea1-43d3-a9aa-3cb806b85474,Brinjal,6.55,23.3,1.0,72.5,reference_generated,reference_v1,960db350-9ee8-4235-9b3e-f185b67d7d69
7f67a4bd-1a92-4fa9-a1ee-c68c18cd12be,Brinjal,5.74,23.2,0.94,73.3,reference_generated,reference_v1,960db350-9ee8-4235-9b3e-f185b67d7d69
cc294125-6e11-4333-95b1-7a76296035ba,Brinjal,5.9,28.8,0.7,65.4,reference_generated,reference_v1,960db350-9ee8-4235-9b3e-f185b67d7d69
867cc96b-4326-4fca-a95b-16d848006bfe,Brinjal,6.25,22.1,0.64,52.2,reference_generated,reference_v1,960db350-9ee8-4235-9b3e-f185b67d7d69
553ac4f0-ea02-4ecc-bb56-efaf3c314397,Brinjal,5.94,30.3,0.6,61.1,reference_generated,reference_v1,960db350-9ee8-4235-9b3e-f185b67d7d69
af53f242-a2b3-4c58-a671-9d6abca59fbd,Brinjal,6.13,28.1,1.02,69.2,reference_generated,reference_v1,960db350-9ee8-4235-9b3e-f185b67d7d69
6a95a390-3bc5-407a-816a-e584fa68ba25,Brinjal,6.05,28.7,0.5,74.2,reference_generated,reference_v1,960db350-9ee8-4235-9b3e-f185b67d7d69
5720f080-c84e-46b3-ac0d-bde1eebf6857,Brinjal,6.56,28.7,0.64,63.7,reference_generated,reference_v1,960db350-9ee8-4235-9b3e-f185b67d7d69
98339ff8-e3a8-47ba-ba06-e7bb76c16aa7,Brinjal,6.06,29.2,0.68,56.3,reference_generated,reference_v1,960db350-9ee8-4235-9b3e-f185b67d7d69
87afd0be-15f8-4c6c-bc21-c63b5c9301fd,Brinjal,5.98,30.3,0.9,70.7,reference_generated,reference_v1,960db350-9ee8-4235-9b3e-f185b67d7d69
5de5d55e-87c1-420c-bc92-95140fc13f56,Brinjal,6.67,27.9,0.82,70.0,reference_generated,reference_v1,960db350-9ee8-4235-9b3e-f185b67d7d69
e0d90c6a-5a5c-4b36-8590-408d2d49ea9f,Brinjal,5.83,30.0,1.07,75.1,reference_generated,reference_v1,960db350-9ee8-4235-9b3e-f185b67d7d69
6db7564a-b7ea-433b-823b-cd493ca641be,Brinjal,6.15,21.6,0.69,71.4,reference_generated,reference_v1,960db350-9ee8-4235-9b3e-f185b67d7d69
4c3acda3-8fca-4561-aff7-9d8aef6a7a23,Brinjal,6.49,31.3,1.4,63.1,reference_generated,reference_v1,960db350-9ee8-4235-9b3e-f185b67d7d69
dc68c430-d91d-4ebe-b22a-b25a3b6553fd,Brinjal,5.81,22.6,0.83,57.9,reference_generated,reference_v1,960db350-9ee8-4235-9b3e-f185b67d7d69
73c565da-5f6d-4880-81b6-869c06a14ad3,Brinjal,6.17,28.2,0.62,54.7,reference_generated,reference_v1,960db350-9ee8-4235-9b3e-f185b67d7d69
dd5390a3-ef6a-4a38-9fa2-7b7565157ede,Brinjal,5.77,28.4,0.33,70.1,reference_generated,reference_v1,960db350-9ee8-4235-9b3e-f185b67d7d69
da860d3e-bcbd-4495-b805-e608f9953e80,Brinjal,6.39,28.4,0.66,64.1,reference_generated,reference_v1,960db350-9ee8-4235-9b3e-f185b67d7d69
ea53964b-bcfe-4e9c-a6ce-d76cc851a115,Brinjal,6.45,27.7,0.92,72.0,reference_generated,reference_v1,960db350-9ee8-4235-9b3e-f185b67d7d69
e7e49b1b-23c2-48de-b7b2-4340fc6fc9cf,Brinjal,5.93,25.3,1.22,69.4,reference_generated,reference_v1,960db350-9ee8-4235-9b3e-f185b67d7d69
37c61f10-62a8-41f7-8e71-8af486282af3,Brinjal,6.05,29.7,0.76,61.4,reference_generated,reference_v1,960db350-9ee8-4235-9b3e-f185b67d7d69
da52843a-c0c8-4993-8c7b-3b5155e2c6f3,Brinjal,6.43,27.4,0.78,76.6,reference_generated,reference_v1,960db350-9ee8-4235-9b3e-f185b67d7d69
9622188c-ee74-4ee1-828b-08b929c32368,Brinjal,6.01,22.1,0.66,71.6,reference_generated,reference_v1,960db350-9ee8-4235-9b3e-f185b67d7d69
cf18b313-ce92-4bc6-abac-2db185e7a556,Brinjal,5.83,30.0,1.32,69.1,reference_generated,reference_v1,960db350-9ee8-4235-9b3e-f185b67d7d69
1b2ac013-75f9-4f18-a252-329cd75652ff,Brinjal,6.4,30.7,1.04,68.4,reference_generated,reference_v1,960db350-9ee8-4235-9b3e-f185b67d7d69
bbae48ea-020d-4613-bab3-a920b7a2e092,Brinjal,6.19,24.9,1.01,76.7,reference_generated,reference_v1,960db350-9ee8-4235-9b3e-f185b67d7d69
32ee3bf5-e6ce-485b-a8a3-3903908ac75b,Brinjal,6.04,28.4,0.6,68.3,reference_generated,reference_v1,960db350-9ee8-4235-9b3e-f185b67d7d69
e23acbef-a138-46e8-9a4d-9d6accd0f86e,Brinjal,6.36,26.3,1.11,62.4,reference_generated,reference_v1,960db350-9ee8-4235-9b3e-f185b67d7d69
b5e2e2de-3ac0-4168-8416-73d0ccffe316,Brinjal,6.28,29.0,0.49,62.6,reference_generated,reference_v1,960db350-9ee8-4235-9b3e-f185b67d7d69
1a773a12-1e2a-47bc-9200-6f8a8287c44b,Brinjal,6.21,30.4,1.1,71.1,reference_generated,reference_v1,960db350-9ee8-4235-9b3e-f185b67d7d69
b41b78c9-19d3-4c2f-9899-046d6bc2547a,Brinjal,6.4,25.9,0.7,70.2,reference_generated,reference_v1,960db350-9ee8-4235-9b3e-f185b67d7d69
0406d08d-a742-421b-8786-2235e2d8da35,Brinjal,6.14,29.5,0.64,71.2,reference_generated,reference_v1,960db350-9ee8-4235-9b3e-f185b67d7d69
779025bd-5dd8-44ed-abe2-4162bcb2321b,Brinjal,6.22,21.7,0.52,56.1,reference_generated,reference_v1,960db350-9ee8-4235-9b3e-f185b67d7d69
1e2d484f-f98d-4e42-b213-35a00807075b,Brinjal,6.16,24.8,0.94,53.9,reference_generated,reference_v1,960db350-9ee8-4235-9b3e-f185b67d7d69
8ccaf96f-afc8-4a5a-998a-0170240ffa2c,Brinjal,6.14,23.5,0.9,61.2,reference_generated,reference_v1,960db350-9ee8-4235-9b3e-f185b67d7d69
6ad8a6d7-89a9-4068-a9dd-52f282a58978,Brinjal,6.09,28.1,0.91,58.7,reference_generated,reference_v1,960db350-9ee8-4235-9b3e-f185b67d7d69
bb5fd18b-9108-47e9-b33c-1436571b0746,Brinjal,6.39,29.7,0.4,73.3,reference_generated,reference_v1,960db350-9ee8-4235-9b3e-f185b67d7d69
47f21188-a583-434a-8a76-64cb0edbd714,Brinjal,6.13,27.9,0.5,59.0,reference_generated,reference_v1,960db350-9ee8-4235-9b3e-f185b67d7d69
22dd861b-7f4c-4f31-84b7-31b72472edc6,Brinjal,5.77,32.3,0.91,62.7,reference_generated,reference_v1,960db350-9ee8-4235-9b3e-f185b67d7d69
3879ac39-f8b7-4374-9b2b-ad5716fe841e,Brinjal,5.69,24.4,1.16,72.0,reference_generated,reference_v1,960db350-9ee8-4235-9b3e-f185b67d7d69
ff2eac77-0243-480e-8410-25a90fdfe169,Brinjal,5.83,29.6,0.8,64.4,reference_generated,reference_v1,960db350-9ee8-4235-9b3e-f185b67d7d69
cdffddc1-0383-43ba-86c7-f8371ce4634e,Brinjal,5.75,27.3,0.38,57.8,reference_generated,reference_v1,960db350-9ee8-4235-9b3e-f185b67d7d69
c41c00a3-daff-426a-a484-7227edfa6bef,Brinjal,6.63,26.4,0.46,52.1,reference_generated,reference_v1,960db350-9ee8-4235-9b3e-f185b67d7d69
f283ba9d-aedf-4520-adcb-7f5464ae1902,Brinjal,6.31,34.8,0.92,67.5,reference_generated,reference_v1,960db350-9ee8-4235-9b3e-f185b67d7d69
c880e90c-265c-481b-aa28-efaf1c14d92c,Brinjal,6.06,25.2,1.46,70.7,reference_generated,reference_v1,960db350-9ee8-4235-9b3e-f185b67d7d69
ca5e1fc7-450e-4ada-a76c-d7db347ad163,Brinjal,6.63,29.3,0.39,71.5,reference_generated,reference_v1,960db350-9ee8-4235-9b3e-f185b67d7d69
a5fd8d14-39ce-4379-ad04-a2229b37390d,Brinjal,6.43,22.9,0.41,75.1,reference_generated,reference_v1,960db350-9ee8-4235-9b3e-f185b67d7d69
312ce641-3ecd-4a8a-bef2-5d639ed49956,Brinjal,5.84,27.7,0.6,71.3,reference_generated,reference_v1,960db350-9ee8-4235-9b3e-f185b67d7d69
a3d648cc-6213-428c-aa67-66c36cfcab94,Brinjal,5.74,26.6,1.16,74.8,reference_generated,reference_v1,960db350-9ee8-4235-9b3e-f185b67d7d69
ab9bf181-a286-4524-bea0-33be5fc0d404,Brinjal,6.06,21.7,1.02,58.5,reference_generated,reference_v1,960db350-9ee8-4235-9b3e-f185b67d7d69
5d3320ea-c9ea-4f62-b7cc-984fb8225d5c,Brinjal,6.06,29.3,0.99,77.1,reference_generated,reference_v1,960db350-9ee8-4235-9b3e-f185b67d7d69
0c62f240-3d09-455b-beb6-4e1b190000b3,Brinjal,6.24,26.6,1.04,69.5,reference_generated,reference_v1,960db350-9ee8-4235-9b3e-f185b67d7d69
446fbad8-29cc-437c-a363-099f10c7d99f,Brinjal,6.44,25.2,0.48,69.9,reference_generated,reference_v1,960db350-9ee8-4235-9b3e-f185b67d7d69
37dcc4fd-8abd-41dd-a090-5820286b2304,Brinjal,6.23,23.2,1.21,67.3,reference_generated,reference_v1,960db350-9ee8-4235-9b3e-f185b67d7d69
9e5c4da7-dcd0-4f67-9795-fc939f2c35d2,Brinjal,6.76,26.1,0.66,59.5,reference_generated,reference_v1,960db350-9ee8-4235-9b3e-f185b67d7d69
4fc206b8-d501-473b-a2b5-f0a793131ffe,Brinjal,6.4,29.0,0.89,58.7,reference_generated,reference_v1,960db350-9ee8-4235-9b3e-f185b67d7d69
fc313ee1-74cd-477d-a87a-00aec9a9511b,Brinjal,6.29,31.8,0.77,62.7,reference_generated,reference_v1,960db350-9ee8-4235-9b3e-f185b67d7d69
65c21e7c-56cc-4a35-a93e-1cbe7db77f2d,Brinjal,6.13,23.9,0.98,68.4,reference_generated,reference_v1,960db350-9ee8-4235-9b3e-f185b67d7d69
01374438-5680-486e-bc12-725bb7291ac2,Brinjal,6.54,28.1,0.38,69.3,reference_generated,reference_v1,960db350-9ee8-4235-9b3e-f185b67d7d69
fd4d9f40-1d3d-4da6-9da2-3497e0eba3d3,Brinjal,6.27,27.2,1.41,74.7,reference_generated,reference_v1,960db350-9ee8-4235-9b3e-f185b67d7d69
b71fd1c6-cceb-4947-9ae7-1d85f7126f5b,Brinjal,5.94,27.6,0.59,66.9,reference_generated,reference_v1,960db350-9ee8-4235-9b3e-f185b67d7d69
9eb7c25c-72e8-451f-ba7b-96065c0389e1,Brinjal,6.16,26.3,1.2,75.0,reference_generated,reference_v1,960db350-9ee8-4235-9b3e-f185b67d7d69
74bdac49-8b54-451f-9492-c9b50d7513b0,Brinjal,6.32,24.8,1.0,61.1,reference_generated,reference_v1,960db350-9ee8-4235-9b3e-f185b67d7d69
9b28a4e1-5507-4d99-bbf2-262fcb92a999,Brinjal,5.99,29.1,0.72,65.0,reference_generated,reference_v1,960db350-9ee8-4235-9b3e-f185b67d7d69
a4ffecb2-52a4-45b2-9fc0-1109af82faa5,Brinjal,5.96,21.6,0.32,78.0,reference_generated,reference_v1,960db350-9ee8-4235-9b3e-f185b67d7d69
101de931-824f-438c-b416-07f80f2e651c,Brinjal,6.21,27.0,0.77,55.9,reference_generated,reference_v1,960db350-9ee8-4235-9b3e-f185b67d7d69
f58076e4-b070-4e94-81ea-446ca53ecb5b,Brinjal,6.24,22.7,0.3,60.0,reference_generated,reference_v1,960db350-9ee8-4235-9b3e-f185b67d7d69
294f2f09-70d1-49cc-a344-99556793edf6,Brinjal,6.32,29.2,0.61,75.2,reference_generated,reference_v1,960db350-9ee8-4235-9b3e-f185b67d7d69
33ffe00d-f49c-41ff-9b0e-e119a951220d,Brinjal,6.5,29.6,1.11,68.4,reference_generated,reference_v1,960db350-9ee8-4235-9b3e-f185b67d7d69
817aa0cc-58d7-4487-8930-a456e6e9b168,Brinjal,6.15,30.1,0.29,72.8,reference_generated,reference_v1,960db350-9ee8-4235-9b3e-f185b67d7d69
1fc902d9-0602-4904-adf0-dd7bb0a4101b,Brinjal,6.12,25.2,0.47,61.5,reference_generated,reference_v1,960db350-9ee8-4235-9b3e-f185b67d7d69
420ad2e3-2301-488c-a4ae-8f731f2f56a5,Brinjal,6.32,22.5,1.25,55.9,reference_generated,reference_v1,960db350-9ee8-4235-9b3e-f185b67d7d69
96ad5054-41ea-42b2-a26b-e6a61ac66178,Brinjal,5.92,20.5,0.46,62.5,reference_generated,reference_v1,960db350-9ee8-4235-9b3e-f185b67d7d69
f03f27f4-a1ff-4c9d-b027-fdc1186c2c87,Brinjal,5.78,22.3,0.55,75.7,reference_generated,reference_v1,960db350-9ee8-4235-9b3e-f185b67d7d69
f642c714-237c-4275-8d6f-6afdc30623b2,Brinjal,6.06,33.7,0.34,76.6,reference_generated,reference_v1,960db350-9ee8-4235-9b3e-f185b67d7d69
f745ddc1-9fe7-44f2-bbb3-a21cfe228dca,Brinjal,6.06,31.9,1.03,61.8,reference_generated,reference_v1,960db350-9ee8-4235-9b3e-f185b67d7d69
258fcb46-eb3c-4443-a354-8433ca94faf5,Brinjal,6.08,29.9,0.68,74.4,reference_generated,reference_v1,960db350-9ee8-4235-9b3e-f185b67d7d69
158964a4-d36b-4cb3-8630-f8f5c09d7190,Brinjal,6.08,21.3,0.67,70.7,reference_generated,reference_v1,960db350-9ee8-4235-9b3e-f185b67d7d69
0759947f-0254-4db8-823f-81bf018fd994,Brinjal,6.24,27.2,0.71,66.4,reference_generated,reference_v1,960db350-9ee8-4235-9b3e-f185b67d7d69
3d3c7198-737c-40f7-a80d-548af98df97b,Brinjal,6.22,28.0,0.86,62.8,reference_generated,reference_v1,960db350-9ee8-4235-9b3e-f185b67d7d69
4ec07fda-11e4-40bc-b78a-073007feb74c,Brinjal,6.0,24.4,1.27,64.8,reference_generated,reference_v1,960db350-9ee8-4235-9b3e-f185b67d7d69
7c9ce8ad-3bbc-4465-9fd0-aaac2de0ca90,Brinjal,5.79,28.1,0.54,52.5,reference_generated,reference_v1,960db350-9ee8-4235-9b3e-f185b67d7d69
edabfd2c-2524-4e81-8fd7-8faca5fb8910,Brinjal,5.68,31.9,1.03,62.0,reference_generated,reference_v1,960db350-9ee8-4235-9b3e-f185b67d7d69
1c5fbc9d-6a05-4d7a-9789-0c22d794b656,Brinjal,5.75,33.0,0.49,65.1,reference_generated,reference_v1,960db350-9ee8-4235-9b3e-f185b67d7d69
2655145d-8feb-4d59-a364-9a0f679af714,Brinjal,5.98,33.2,1.04,55.9,reference_generated,reference_v1,960db350-9ee8-4235-9b3e-f185b67d7d69
99ac4f3b-aaca-4370-a1d8-50cf76b778a5,Brinjal,5.9,24.8,0.24,62.4,reference_generated,reference_v1,960db350-9ee8-4235-9b3e-f185b67d7d69
d62ef23b-b96e-4c5e-b112-7b7e545b5f4b,Brinjal,6.09,25.3,0.57,60.0,reference_generated,reference_v1,960db350-9ee8-4235-9b3e-f185b67d7d69
d9e5ad32-e836-4e77-b5e8-d29b9c140693,Brinjal,5.79,29.3,0.93,60.1,reference_generated,reference_v1,960db350-9ee8-4235-9b3e-f185b67d7d69
a862d2c4-eec2-449f-a984-4acf208234d7,Brinjal,5.95,29.5,0.72,75.1,reference_generated,reference_v1,960db350-9ee8-4235-9b3e-f185b67d7d69
4ac1fbef-e656-4652-8896-0cc8848d560c,Brinjal,5.76,29.2,1.44,75.2,reference_generated,reference_v1,960db350-9ee8-4235-9b3e-f185b67d7d69
e2dff244-31af-402a-94b8-4e85ed39c69f,Brinjal,5.78,23.8,0.82,64.9,reference_generated,reference_v1,960db350-9ee8-4235-9b3e-f185b67d7d69
ae179583-64fe-4917-99c6-b9e8efac82b3,Brinjal,6.3,25.2,0.66,63.1,reference_generated,reference_v1,960db350-9ee8-4235-9b3e-f185b67d7d69
c8eceb15-52bb-47f4-92c3-fbff2bbabada,Brinjal,6.38,29.9,1.07,71.0,reference_generated,reference_v1,960db350-9ee8-4235-9b3e-f185b67d7d69
33ff62e7-fc01-4cdb-bb68-61b8aebed250,Brinjal,5.81,27.4,0.82,64.5,reference_generated,reference_v1,960db350-9ee8-4235-9b3e-f185b67d7d69
a42172c8-c5a8-448e-a895-585f7a3cbaf1,Brinjal,5.97,30.6,0.59,62.7,reference_generated,reference_v1,960db350-9ee8-4235-9b3e-f185b67d7d69
3eca446f-2067-44f7-9b40-4e0256b2a8f1,Brinjal,6.2,31.2,0.68,67.7,reference_generated,reference_v1,960db350-9ee8-4235-9b3e-f185b67d7d69
0e3f2df1-a4d4-4430-9745-c65e4b4fa7e1,Brinjal,6.59,22.9,1.02,52.6,reference_generated,reference_v1,960db350-9ee8-4235-9b3e-f185b67d7d69
7076990f-532a-40b6-b9e0-861c28c9c88f,Brinjal,6.06,23.9,0.92,62.9,reference_generated,reference_v1,960db350-9ee8-4235-9b3e-f185b67d7d69
7610b6b3-d552-4436-b8ab-aef740f41716,Brinjal,5.81,24.6,0.36,67.7,reference_generated,reference_v1,960db350-9ee8-4235-9b3e-f185b67d7d69
52306b2b-a019-48f4-9b2b-328c647ecfe5,Brinjal,6.48,27.7,0.81,56.7,reference_generated,reference_v1,960db350-9ee8-4235-9b3e-f185b67d7d69
ac342d14-0165-417b-834e-9dc86e4821b1,Brinjal,5.73,24.3,0.55,61.8,reference_generated,reference_v1,960db350-9ee8-4235-9b3e-f185b67d7d69
b0e896a2-d2e0-46a7-8857-8665ae1fded8,Brinjal,6.09,22.7,0.71,68.7,reference_generated,reference_v1,960db350-9ee8-4235-9b3e-f185b67d7d69
fbbc3e75-7e08-456d-a537-12931c924386,Brinjal,6.6,29.2,0.72,72.0,reference_generated,reference_v1,960db350-9ee8-4235-9b3e-f185b67d7d69
8c08c2f0-424a-426b-832f-7df322487098,Brinjal,5.75,28.3,0.28,66.4,reference_generated,reference_v1,960db350-9ee8-4235-9b3e-f185b67d7d69
4343a14a-3d8b-4c56-a790-c9588b13fe2e,Brinjal,6.07,31.5,1.12,63.1,reference_generated,reference_v1,960db350-9ee8-4235-9b3e-f185b67d7d69
e6f486b9-c9a1-435b-bf9e-64f988345df8,Brinjal,6.06,22.2,1.14,59.1,reference_generated,reference_v1,960db350-9ee8-4235-9b3e-f185b67d7d69
0b3bf3f0-542b-405b-a5c2-95043d0df165,Brinjal,6.72,33.2,1.18,65.0,reference_generated,reference_v1,960db350-9ee8-4235-9b3e-f185b67d7d69
7edba250-10f9-4fad-8103-98fb9ab73c8d,Brinjal,6.33,23.6,0.42,67.8,reference_generated,reference_v1,960db350-9ee8-4235-9b3e-f185b67d7d69
2cd580ea-4aa4-48ae-97cc-2c48edcdd453,Brinjal,6.43,29.8,0.58,64.7,reference_generated,reference_v1,960db350-9ee8-4235-9b3e-f185b67d7d69
caf17f09-b523-4e0c-ba12-0c3edf5590b7,Brinjal,6.38,33.7,0.49,53.1,reference_generated,reference_v1,960db350-9ee8-4235-9b3e-f185b67d7d69
705147a0-2b4f-48ab-a075-de0791759312,Brinjal,6.48,26.1,0.52,63.7,reference_generated,reference_v1,960db350-9ee8-4235-9b3e-f185b67d7d69
c8413e5a-d7f9-4581-bb53-f3b3e3098f66,Onion,6.23,20.8,0.47,59.0,reference_generated,reference_v1,960db350-9ee8-4235-9b3e-f185b67d7d69
dd33947c-c8fb-47ca-ab48-5346bc8b3fce,Onion,6.05,20.8,1.09,62.3,reference_generated,reference_v1,960db350-9ee8-4235-9b3e-f185b67d7d69
15fdb4c5-b3f8-46b7-b852-ece8f344ccca,Onion,6.3,16.7,0.77,60.1,reference_generated,reference_v1,960db350-9ee8-4235-9b3e-f185b67d7d69
c5b9e4d6-9e87-4fd2-ad88-f8ecf48a99af,Onion,6.63,20.0,0.72,66.1,reference_generated,reference_v1,960db350-9ee8-4235-9b3e-f185b67d7d69
f7d773ee-3a70-477c-875e-616a7b0a90c3,Onion,6.25,20.1,0.82,69.9,reference_generated,reference_v1,960db350-9ee8-4235-9b3e-f185b67d7d69
5f4f43ef-05b5-4a04-8b84-6e5aae0d15e6,Onion,6.56,13.3,0.54,57.1,reference_generated,reference_v1,960db350-9ee8-4235-9b3e-f185b67d7d69
28f9d55d-3d4a-4738-9f99-98b1fc6862ef,Onion,6.44,14.3,0.71,56.8,reference_generated,reference_v1,960db350-9ee8-4235-9b3e-f185b67d7d69
90dcb963-5cc2-4d73-91d9-ce611ce7c48e,Onion,6.53,20.8,0.92,67.2,reference_generated,reference_v1,960db350-9ee8-4235-9b3e-f185b67d7d69
5b8d7328-3bba-4b05-99b9-370cb61b1f6d,Onion,6.4,14.6,0.24,56.6,reference_generated,reference_v1,960db350-9ee8-4235-9b3e-f185b67d7d69
b557559d-cb5c-4372-86c0-8a52400292f8,Onion,6.76,23.8,0.34,59.0,reference_generated,reference_v1,960db350-9ee8-4235-9b3e-f185b67d7d69
94bfcfa4-53aa-48ef-8360-0c3dc4243080,Onion,6.82,17.1,0.5,61.2,reference_generated,reference_v1,960db350-9ee8-4235-9b3e-f185b67d7d69
55d6a7d9-569d-4bb7-8676-461c3a056cc5,Onion,6.47,24.4,0.6,67.5,reference_generated,reference_v1,960db350-9ee8-4235-9b3e-f185b67d7d69
c96616f2-c3f6-4757-84bf-6634cca92fdb,Onion,6.57,16.5,0.56,69.5,reference_generated,reference_v1,960db350-9ee8-4235-9b3e-f185b67d7d69
7fa17bdc-ff49-4fde-9a27-808525acf0a3,Onion,6.21,21.7,0.35,61.6,reference_generated,reference_v1,960db350-9ee8-4235-9b3e-f185b67d7d69
023b04f9-9144-4e29-9ae3-700e268e161c,Onion,6.53,16.7,0.36,59.1,reference_generated,reference_v1,960db350-9ee8-4235-9b3e-f185b67d7d69
5cea199a-bdbd-40f9-9a07-13818da499f9,Onion,6.45,19.0,0.48,60.3,reference_generated,reference_v1,960db350-9ee8-4235-9b3e-f185b67d7d69
90c84d1f-db58-47d9-bb88-34a698f5de99,Onion,6.28,19.2,0.86,62.1,reference_generated,reference_v1,960db350-9ee8-4235-9b3e-f185b67d7d69
636f4cf8-86e1-46ce-922f-f12f04041c88,Onion,6.85,19.9,0.6,50.2,reference_generated,reference_v1,960db350-9ee8-4235-9b3e-f185b67d7d69
b45fa68e-582a-4ad5-8c63-f3420bd2b2ec,Onion,6.5,20.7,0.64,52.1,reference_generated,reference_v1,960db350-9ee8-4235-9b3e-f185b67d7d69
6422f3b7-20aa-4101-854e-9f2252170c31,Onion,6.56,16.6,0.47,68.4,reference_generated,reference_v1,960db350-9ee8-4235-9b3e-f185b67d7d69
54c77767-faa9-4c09-8fca-a73c408e743c,Onion,6.45,18.7,0.54,70.3,reference_generated,reference_v1,960db350-9ee8-4235-9b3e-f185b67d7d69
eeb4a508-fe6d-4bdb-8033-4a5360476eaf,Onion,6.65,19.4,0.5,63.1,reference_generated,reference_v1,960db350-9ee8-4235-9b3e-f185b67d7d69
95eb4175-05da-4072-8c3f-ba94c120c117,Onion,6.42,18.1,0.93,56.6,reference_generated,reference_v1,960db350-9ee8-4235-9b3e-f185b67d7d69
5886ef11-b761-42c7-aad6-a4a6dc9d47b4,Onion,6.64,16.9,0.6,59.4,reference_generated,reference_v1,960db350-9ee8-4235-9b3e-f185b67d7d69
03db80d3-bb3c-4079-bd5e-36cbd9e5426b,Onion,6.29,22.4,0.61,65.5,reference_generated,reference_v1,960db350-9ee8-4235-9b3e-f185b67d7d69
8ab10bbe-a101-44d3-ab87-b015cbf2881f,Onion,6.79,20.4,0.64,70.1,reference_generated,reference_v1,960db350-9ee8-4235-9b3e-f185b67d7d69
9c7d0558-78f4-4a17-b46e-25113893cf19,Onion,6.53,16.2,0.97,54.8,reference_generated,reference_v1,960db350-9ee8-4235-9b3e-f185b67d7d69
601c3e9b-c590-4a51-9b6d-9c0940800115,Onion,6.69,14.5,0.73,64.6,reference_generated,reference_v1,960db350-9ee8-4235-9b3e-f185b67d7d69
38b23feb-110e-4d0c-ba3c-5bc466d4a637,Onion,6.56,14.5,0.37,62.5,reference_generated,reference_v1,960db350-9ee8-4235-9b3e-f185b67d7d69
18831dbe-ce1c-4803-84ab-6a9a2e110b80,Onion,6.38,22.0,0.18,59.0,reference_generated,reference_v1,960db350-9ee8-4235-9b3e-f185b67d7d69
aa4fc709-8191-49ff-9b3e-018e3bbfd4ca,Onion,6.79,22.9,1.01,56.7,reference_generated,reference_v1,960db350-9ee8-4235-9b3e-f185b67d7d69
fe02300d-2b2c-4dca-ae19-b694b33e79dc,Onion,6.51,14.4,0.19,55.8,reference_generated,reference_v1,960db350-9ee8-4235-9b3e-f185b67d7d69
8eed21a4-0a11-4e7c-a9a8-8a24f9261cb8,Onion,6.54,17.4,0.52,69.9,reference_generated,reference_v1,960db350-9ee8-4235-9b3e-f185b67d7d69
88157b5e-30b4-4bdb-923b-4123995d07ca,Onion,6.6,18.7,0.75,66.2,reference_generated,reference_v1,960db350-9ee8-4235-9b3e-f185b67d7d69
508b0743-c7c7-429d-a56c-9e93276713e7,Onion,6.65,17.1,0.91,65.1,reference_generated,reference_v1,960db350-9ee8-4235-9b3e-f185b67d7d69
4aaf39b2-6eca-41a9-8dd7-00c166574f2a,Onion,6.79,19.4,0.46,62.8,reference_generated,reference_v1,960db350-9ee8-4235-9b3e-f185b67d7d69
fc201c5b-8f92-4667-ab40-1e602f7332f5,Onion,6.53,17.1,0.74,64.0,reference_generated,reference_v1,960db350-9ee8-4235-9b3e-f185b67d7d69
e8503b9b-c7af-4ae5-bccc-506405c61e81,Onion,6.32,15.6,0.38,55.5,reference_generated,reference_v1,960db350-9ee8-4235-9b3e-f185b67d7d69
806f12d8-4634-40a4-b81e-d2958db8a988,Onion,6.55,15.4,0.52,69.7,reference_generated,reference_v1,960db350-9ee8-4235-9b3e-f185b67d7d69
9e68da73-da81-4e78-baef-885ba3332065,Onion,6.78,19.4,0.63,63.6,reference_generated,reference_v1,960db350-9ee8-4235-9b3e-f185b67d7d69
632bef0d-0d04-4b9c-a75f-6b251be96abd,Onion,6.86,18.9,0.55,66.7,reference_generated,reference_v1,960db350-9ee8-4235-9b3e-f185b67d7d69
f0e6d4c9-26a8-4234-b574-33c8e27f7599,Onion,6.61,14.5,1.03,70.0,reference_generated,reference_v1,960db350-9ee8-4235-9b3e-f185b67d7d69
606ecada-e96c-434b-8ac2-5b28a9d03f05,Onion,6.15,13.4,0.69,59.0,reference_generated,reference_v1,960db350-9ee8-4235-9b3e-f185b67d7d69
1018e8bc-360d-44de-af8a-c19124a9c5d8,Onion,6.88,17.6,0.79,62.3,reference_generated,reference_v1,960db350-9ee8-4235-9b3e-f185b67d7d69
99992fb7-9c8e-4e38-919e-1e84754391cb,Onion,6.73,20.4,0.96,57.3,reference_generated,reference_v1,960db350-9ee8-4235-9b3e-f185b67d7d69
19230284-3417-46a2-a0b9-41ee08cfb0de,Onion,6.4,17.0,0.58,63.8,reference_generated,reference_v1,960db350-9ee8-4235-9b3e-f185b67d7d69
cbe7ba9e-39c6-49f2-91c3-92946b71775c,Onion,6.48,18.7,0.72,61.0,reference_generated,reference_v1,960db350-9ee8-4235-9b3e-f185b67d7d69
2a8152b9-f36f-466a-ae2f-d30939ef69aa,Onion,6.57,16.2,0.83,58.3,reference_generated,reference_v1,960db350-9ee8-4235-9b3e-f185b67d7d69
4fc09546-418d-4bd5-a055-d39489626e29,Onion,6.87,16.8,1.04,57.6,reference_generated,reference_v1,960db350-9ee8-4235-9b3e-f185b67d7d69
daaa299c-7bf8-4f79-8ba7-979de4080d81,Onion,6.7,18.4,0.49,58.6,reference_generated,reference_v1,960db350-9ee8-4235-9b3e-f185b67d7d69
e0539908-e98c-4510-9137-7914cded4b57,Onion,6.11,14.6,0.3,66.5,reference_generated,reference_v1,960db350-9ee8-4235-9b3e-f185b67d7d69
068ee089-e6f2-4cea-a15d-117b33aea9f7,Onion,6.57,20.3,0.7,56.0,reference_generated,reference_v1,960db350-9ee8-4235-9b3e-f185b67d7d69
db04094f-5759-49ae-8e14-13a4b88b9259,Onion,6.33,17.4,0.74,69.1,reference_generated,reference_v1,960db350-9ee8-4235-9b3e-f185b67d7d69
0d9453c1-b398-4756-972d-7568ca0c674e,Onion,6.79,23.7,0.18,54.7,reference_generated,reference_v1,960db350-9ee8-4235-9b3e-f185b67d7d69
b20abdef-91f9-44ea-ad8b-2b8b7249cc09,Onion,6.71,15.7,0.88,51.9,reference_generated,reference_v1,960db350-9ee8-4235-9b3e-f185b67d7d69
6cc32616-7232-4b1f-984c-41fe91571754,Onion,6.4,21.7,0.18,61.8,reference_generated,reference_v1,960db350-9ee8-4235-9b3e-f185b67d7d69
4283833f-af6c-43cf-b946-f7efdad18d6d,Onion,6.54,24.7,0.66,66.6,reference_generated,reference_v1,960db350-9ee8-4235-9b3e-f185b67d7d69
ca7f7dea-6342-4152-aeb9-c2e1af4db5ae,Onion,6.78,19.9,0.85,54.6,reference_generated,reference_v1,960db350-9ee8-4235-9b3e-f185b67d7d69
99005f93-dd98-4a84-9b4a-156e1681f163,Onion,6.68,16.8,0.44,69.8,reference_generated,reference_v1,960db350-9ee8-4235-9b3e-f185b67d7d69
b46bcd7c-6651-4ab8-957b-44ed62013d12,Onion,6.59,18.6,0.83,58.8,reference_generated,reference_v1,960db350-9ee8-4235-9b3e-f185b67d7d69
c1b8954d-d54d-4296-a05e-6bba7bfeaa6c,Onion,6.45,23.4,0.71,52.9,reference_generated,reference_v1,960db350-9ee8-4235-9b3e-f185b67d7d69
a727b119-f938-4a0f-b971-3c218c2abc09,Onion,6.46,21.2,0.68,67.7,reference_generated,reference_v1,960db350-9ee8-4235-9b3e-f185b67d7d69
b70d1a7c-823b-44e1-8649-dcee40615c86,Onion,6.84,14.5,0.79,54.3,reference_generated,reference_v1,960db350-9ee8-4235-9b3e-f185b67d7d69
f2c3321d-75e3-4afc-93ac-8a2b31992fe7,Onion,6.44,15.3,0.73,64.1,reference_generated,reference_v1,960db350-9ee8-4235-9b3e-f185b67d7d69
4570440b-bc9b-4be9-973e-ef912839eb0d,Onion,6.81,22.7,0.97,55.9,reference_generated,reference_v1,960db350-9ee8-4235-9b3e-f185b67d7d69
a796c8e1-2a46-459c-9be2-a9d702b9df84,Onion,6.16,13.2,0.8,71.1,reference_generated,reference_v1,960db350-9ee8-4235-9b3e-f185b67d7d69
bd0caae1-949c-4d43-b64c-c703d57b9889,Onion,6.66,17.1,0.85,65.0,reference_generated,reference_v1,960db350-9ee8-4235-9b3e-f185b67d7d69
645df0fd-1acf-46b1-a8d3-a5316cee06bd,Onion,6.16,22.9,0.22,54.6,reference_generated,reference_v1,960db350-9ee8-4235-9b3e-f185b67d7d69
9c540acb-8672-4cc2-b251-f4d2409124fa,Onion,6.7,20.3,0.9,60.9,reference_generated,reference_v1,960db350-9ee8-4235-9b3e-f185b67d7d69
513d7421-5ad7-4076-a3ce-d1737c97747c,Onion,6.71,23.0,0.58,68.3,reference_generated,reference_v1,960db350-9ee8-4235-9b3e-f185b67d7d69
a253f49a-eeff-42c8-9ff4-2d33367bf151,Onion,6.28,20.0,0.49,58.7,reference_generated,reference_v1,960db350-9ee8-4235-9b3e-f185b67d7d69
e8f1a330-3659-4f4a-b1aa-c19295d1ec57,Onion,6.84,17.3,0.36,60.5,reference_generated,reference_v1,960db350-9ee8-4235-9b3e-f185b67d7d69
98f99991-ef74-4db7-8a42-edef521ba344,Onion,6.73,19.5,0.51,73.0,reference_generated,reference_v1,960db350-9ee8-4235-9b3e-f185b67d7d69
6dff040b-8abf-48c9-bee0-366562b5b764,Onion,6.43,15.8,0.67,57.7,reference_generated,reference_v1,960db350-9ee8-4235-9b3e-f185b67d7d69
71dc634a-1b9f-46bb-9b1e-7261737d3548,Onion,6.77,19.7,0.47,59.4,reference_generated,reference_v1,960db350-9ee8-4235-9b3e-f185b67d7d69
260afaee-6dd6-42b1-8a92-d5c347d955c5,Onion,6.06,19.5,0.9,59.2,reference_generated,reference_v1,960db350-9ee8-4235-9b3e-f185b67d7d69
4a36f9d8-5ef9-4aed-aaf0-5a1ae326107d,Onion,6.83,12.5,0.52,70.2,reference_generated,reference_v1,960db350-9ee8-4235-9b3e-f185b67d7d69
8a0ba70d-c81f-4be1-a5a9-4cd6fd7d8692,Onion,6.29,15.2,0.73,57.3,reference_generated,reference_v1,960db350-9ee8-4235-9b3e-f185b67d7d69
cbdc5994-11d6-43d2-a2d5-7690bc9b7acf,Onion,6.27,13.3,0.77,60.2,reference_generated,reference_v1,960db350-9ee8-4235-9b3e-f185b67d7d69
42b72b17-f7dd-44c8-9b9f-c87d651569d7,Onion,6.05,20.8,0.74,67.3,reference_generated,reference_v1,960db350-9ee8-4235-9b3e-f185b67d7d69
f477d879-ae46-4049-8037-d214bf47133c,Onion,6.48,22.4,0.66,59.5,reference_generated,reference_v1,960db350-9ee8-4235-9b3e-f185b67d7d69
ddd61467-38d9-4db0-9ab0-12fd9db85d51,Onion,6.17,15.0,0.58,71.1,reference_generated,reference_v1,960db350-9ee8-4235-9b3e-f185b67d7d69
d6cc26b5-dd01-47f1-9286-1c8dd1316f6c,Onion,6.73,12.3,0.76,57.9,reference_generated,reference_v1,960db350-9ee8-4235-9b3e-f185b67d7d69
01341235-68fa-4a40-b7de-6d834c24f7db,Onion,6.53,20.5,0.53,60.3,reference_generated,reference_v1,960db350-9ee8-4235-9b3e-f185b67d7d69
b6ed95ca-c580-4cfd-a69c-f7f6613f2b36,Onion,6.15,17.9,0.49,67.3,reference_generated,reference_v1,960db350-9ee8-4235-9b3e-f185b67d7d69
5e8ef7f8-1654-47ad-8890-9fa482421eb3,Onion,6.57,22.4,0.54,69.3,reference_generated,reference_v1,960db350-9ee8-4235-9b3e-f185b67d7d69
aeaf91e7-5171-453a-8feb-41cbc62ac8ba,Onion,6.36,16.3,0.92,65.7,reference_generated,reference_v1,960db350-9ee8-4235-9b3e-f185b67d7d69
892f1c9e-69dc-4da1-9e6b-a3b2b373896e,Onion,6.83,19.0,0.77,61.8,reference_generated,reference_v1,960db350-9ee8-4235-9b3e-f185b67d7d69
0f5826b4-ec75-456e-9a01-8cc4970409fa,Onion,6.27,15.4,0.24,62.3,reference_generated,reference_v1,960db350-9ee8-4235-9b3e-f185b67d7d69
4770d583-52bf-4d87-b819-626cabb369d6,Onion,6.47,24.0,0.76,67.1,reference_generated,reference_v1,960db350-9ee8-4235-9b3e-f185b67d7d69
917ff973-92d2-46e4-8351-952d5a6cfe72,Onion,6.5,23.0,0.32,69.9,reference_generated,reference_v1,960db350-9ee8-4235-9b3e-f185b67d7d69
25c0b7aa-2c8b-4625-883c-71c69959a7cc,Onion,6.56,22.1,0.63,61.9,reference_generated,reference_v1,960db350-9ee8-4235-9b3e-f185b67d7d69
67248cb6-6200-4a41-b430-69da2fc7814e,Onion,6.4,17.7,0.93,53.0,reference_generated,reference_v1,960db350-9ee8-4235-9b3e-f185b67d7d69
f1ba612c-dfa9-46fc-b2c5-f0303ff8aaac,Onion,6.83,19.6,0.63,55.4,reference_generated,reference_v1,960db350-9ee8-4235-9b3e-f185b67d7d69
72d5b12d-fc3d-4f93-beb0-912e77e20945,Onion,6.68,13.0,0.19,67.3,reference_generated,reference_v1,960db350-9ee8-4235-9b3e-f185b67d7d69
ed382455-5a0c-4793-8626-458a59ace44c,Onion,6.71,16.4,0.92,64.1,reference_generated,reference_v1,960db350-9ee8-4235-9b3e-f185b67d7d69
f95cf27f-180c-48df-abc2-39d753d2aa8f,Onion,6.78,16.0,0.94,59.3,reference_generated,reference_v1,960db350-9ee8-4235-9b3e-f185b67d7d69
6661e4a3-b053-42a4-8f84-edad8ed42506,Onion,6.11,20.6,0.65,58.2,reference_generated,reference_v1,960db350-9ee8-4235-9b3e-f185b67d7d69
6b904a85-fba8-4f70-8751-fc89b2479be9,Onion,6.64,20.7,0.62,71.0,reference_generated,reference_v1,960db350-9ee8-4235-9b3e-f185b67d7d69
144c8dd7-16c6-4202-bedf-f6b39d23b410,Onion,6.74,20.8,0.88,68.3,reference_generated,reference_v1,960db350-9ee8-4235-9b3e-f185b67d7d69
80f5b5c7-c2d9-4d21-aee6-29a516b57ec6,Onion,6.42,19.1,0.32,65.2,reference_generated,reference_v1,960db350-9ee8-4235-9b3e-f185b67d7d69
c95cc386-b974-420e-80d8-660401a2c3ee,Onion,6.62,19.7,0.5,67.7,reference_generated,reference_v1,960db350-9ee8-4235-9b3e-f185b67d7d69
8bcdd880-85be-4ad1-8f30-831022517e12,Onion,6.7,19.4,0.48,65.2,reference_generated,reference_v1,960db350-9ee8-4235-9b3e-f185b67d7d69
dcf57016-ce1d-4991-8ba6-1bcf72309e47,Onion,6.29,19.8,1.17,60.3,reference_generated,reference_v1,960db350-9ee8-4235-9b3e-f185b67d7d69
2fc84295-8d2a-4994-8ad6-69b599daee84,Onion,6.58,16.7,0.71,65.3,reference_generated,reference_v1,960db350-9ee8-4235-9b3e-f185b67d7d69
11da3421-d5d4-4a00-8e9c-90b58765b352,Onion,6.83,16.1,1.05,63.3,reference_generated,reference_v1,960db350-9ee8-4235-9b3e-f185b67d7d69
b2147346-072a-43a6-b378-5a6d680d73a5,Onion,6.46,19.0,0.9,70.4,reference_generated,reference_v1,960db350-9ee8-4235-9b3e-f185b67d7d69
1c601e01-9699-4408-99a8-1e9e845a6016,Onion,6.2,13.6,0.72,67.6,reference_generated,reference_v1,960db350-9ee8-4235-9b3e-f185b67d7d69
013db6d3-b667-404e-a5ba-434480a4c423,Onion,6.2,20.0,0.28,67.2,reference_generated,reference_v1,960db350-9ee8-4235-9b3e-f185b67d7d69
62aff234-436a-44f6-b78c-01fad18b26b7,Onion,6.47,22.0,0.3,62.3,reference_generated,reference_v1,960db350-9ee8-4235-9b3e-f185b67d7d69
83a62530-bb09-42c5-94f9-8f503027f1d5,Onion,6.9,16.8,0.85,65.0,reference_generated,reference_v1,960db350-9ee8-4235-9b3e-f185b67d7d69
a112ac56-01a8-4d6d-b676-76146bc0c174,Onion,6.63,20.6,0.81,67.0,reference_generated,reference_v1,960db350-9ee8-4235-9b3e-f185b67d7d69
32a30199-18be-459b-a9bc-1da922ff8dbc,Onion,6.61,22.0,0.65,67.2,reference_generated,reference_v1,960db350-9ee8-4235-9b3e-f185b67d7d69
c03db0c2-5ac5-474c-ad39-b8126332f1d7,Onion,6.56,13.8,0.66,68.7,reference_generated,reference_v1,960db350-9ee8-4235-9b3e-f185b67d7d69
c817c747-c82d-4793-b613-30e5fabdd52d,Onion,6.78,16.1,0.24,66.9,reference_generated,reference_v1,960db350-9ee8-4235-9b3e-f185b67d7d69
440f2725-c7a2-4ad9-8b23-3e9f4115f7a0,Onion,6.56,15.6,0.36,62.6,reference_generated,reference_v1,960db350-9ee8-4235-9b3e-f185b67d7d69
dab610cf-ce0b-4e1b-a62a-ff73bd31c5fc,Onion,6.95,16.8,0.8,62.4,reference_generated,reference_v1,960db350-9ee8-4235-9b3e-f185b67d7d69
8ab00230-4bf0-407b-814e-7bc61079a8a1,Onion,6.6,20.9,0.55,65.0,reference_generated,reference_v1,960db350-9ee8-4235-9b3e-f185b67d7d69
e190b621-7879-4fa1-803f-237f775dd28b,Onion,6.85,22.0,0.82,66.1,reference_generated,reference_v1,960db350-9ee8-4235-9b3e-f185b67d7d69
c0939c8d-4fdb-4424-b9f2-f4240f31b544,Onion,6.88,14.1,0.69,57.9,reference_generated,reference_v1,960db350-9ee8-4235-9b3e-f185b67d7d69
f8ce0c0b-80be-44f8-a6e5-d11fb8e9996b,Onion,6.64,17.2,0.62,62.9,reference_generated,reference_v1,960db350-9ee8-4235-9b3e-f185b67d7d69
bcbbf887-2bf0-4cd4-8119-1d0dcd4f64d9,Onion,6.56,13.3,0.33,53.9,reference_generated,reference_v1,960db350-9ee8-4235-9b3e-f185b67d7d69
e61fe696-635e-4aed-9dbb-7796e97e6d27,Onion,6.42,23.5,0.55,65.6,reference_generated,reference_v1,960db350-9ee8-4235-9b3e-f185b67d7d69
01f9f5e5-4ef9-4308-8378-ec4086a50aa9,Onion,6.48,23.6,0.6,60.5,reference_generated,reference_v1,960db350-9ee8-4235-9b3e-f185b67d7d69
9e3aa33c-e4da-400b-8b86-49b1a58ab3d1,Onion,6.54,17.3,0.76,57.7,reference_generated,reference_v1,960db350-9ee8-4235-9b3e-f185b67d7d69
df5a0e55-737d-4a50-9cba-820bd52e3101,Onion,6.64,13.9,0.49,61.5,reference_generated,reference_v1,960db350-9ee8-4235-9b3e-f185b67d7d69
27920186-93b2-41e3-bd40-3930117633a5,Onion,6.41,16.6,0.9,54.4,reference_generated,reference_v1,960db350-9ee8-4235-9b3e-f185b67d7d69
1d60f6d1-b8f6-400c-b38d-669eec79e429,Onion,6.39,13.5,1.03,55.4,reference_generated,reference_v1,960db350-9ee8-4235-9b3e-f185b67d7d69
d2044a58-29a4-4baf-939c-8ed511b9c963,Onion,6.21,18.6,0.43,59.3,reference_generated,reference_v1,960db350-9ee8-4235-9b3e-f185b67d7d69
7aaa1f0a-6ff3-421d-b122-f6dff0a268a8,Onion,6.76,18.2,1.05,57.0,reference_generated,reference_v1,960db350-9ee8-4235-9b3e-f185b67d7d69
92076a4a-ab46-40c0-8a83-ce58b72380d7,Onion,6.56,21.0,0.79,65.1,reference_generated,reference_v1,960db350-9ee8-4235-9b3e-f185b67d7d69
c518494c-195c-41e6-a481-55da001aea88,Onion,6.1,18.3,0.49,53.1,reference_generated,reference_v1,960db350-9ee8-4235-9b3e-f185b67d7d69
d47a1b3a-ec48-437d-be83-81b2afd1ce54,Onion,6.44,15.4,0.38,61.8,reference_generated,reference_v1,960db350-9ee8-4235-9b3e-f185b67d7d69
e3a80ded-7e53-4011-b7d0-9acccbc4d099,Onion,6.32,15.7,0.97,55.0,reference_generated,reference_v1,960db350-9ee8-4235-9b3e-f185b67d7d69
3ba05bcb-022e-44e3-b01c-9810f6ebf17a,Onion,6.56,15.3,0.29,71.0,reference_generated,reference_v1,960db350-9ee8-4235-9b3e-f185b67d7d69
006281ae-debd-4a1a-9faa-ed0610500da8,Onion,6.0,18.9,0.7,57.7,reference_generated,reference_v1,960db350-9ee8-4235-9b3e-f185b67d7d69
cda407ca-544b-4544-abe9-01e4821bc3af,Onion,6.48,19.8,0.67,61.3,reference_generated,reference_v1,960db350-9ee8-4235-9b3e-f185b67d7d69
5effe83b-8c50-4d28-9985-4a4b8fe1b179,Onion,6.24,19.9,0.61,69.0,reference_generated,reference_v1,960db350-9ee8-4235-9b3e-f185b67d7d69
86877e29-bb3a-4172-9ff5-abb9f00ad00b,Onion,6.41,22.4,0.89,54.1,reference_generated,reference_v1,960db350-9ee8-4235-9b3e-f185b67d7d69
c601116b-13ac-42c6-9d18-74547bb49c87,Onion,6.7,18.4,0.48,67.0,reference_generated,reference_v1,960db350-9ee8-4235-9b3e-f185b67d7d69
bd7371f5-1fba-401b-893a-1b088cfa3acb,Onion,6.68,17.8,0.58,71.1,reference_generated,reference_v1,960db350-9ee8-4235-9b3e-f185b67d7d69
96f9f034-18a2-44a0-a7e7-25f0a9f2ccb5,Onion,6.59,22.5,0.74,61.6,reference_generated,reference_v1,960db350-9ee8-4235-9b3e-f185b67d7d69
55d33036-f7a5-4ace-bb1a-971dcf20e7e5,Onion,6.24,19.7,0.71,56.7,reference_generated,reference_v1,960db350-9ee8-4235-9b3e-f185b67d7d69
302e788c-41f4-432a-b694-c4688d61e7d9,Onion,6.48,13.9,0.98,55.6,reference_generated,reference_v1,960db350-9ee8-4235-9b3e-f185b67d7d69
c14b1aba-a84b-42f7-9af2-f0df47e9e901,Onion,6.25,21.5,0.44,66.7,reference_generated,reference_v1,960db350-9ee8-4235-9b3e-f185b67d7d69
4c4735fd-b6bc-452c-a4bd-330bf6fde904,Onion,6.44,14.0,0.79,61.2,reference_generated,reference_v1,960db350-9ee8-4235-9b3e-f185b67d7d69
90405267-7591-4bee-8d52-d66a040e65b8,Onion,6.1,18.3,0.68,51.5,reference_generated,reference_v1,960db350-9ee8-4235-9b3e-f185b67d7d69
986ffd04-5a51-4b35-b672-59d311336688,Onion,6.21,20.0,0.73,64.2,reference_generated,reference_v1,960db350-9ee8-4235-9b3e-f185b67d7d69
4e923ded-e0f6-4dae-9f7a-7b3e0df5b950,Onion,6.05,17.5,0.65,63.6,reference_generated,reference_v1,960db350-9ee8-4235-9b3e-f185b67d7d69
2a94f320-625f-46eb-8eb6-bdec11f0bdbc,Onion,6.2,15.6,0.88,58.8,reference_generated,reference_v1,960db350-9ee8-4235-9b3e-f185b67d7d69
2567412f-ef1e-4721-980c-c41040dce414,Onion,6.28,18.6,0.65,67.4,reference_generated,reference_v1,960db350-9ee8-4235-9b3e-f185b67d7d69
d4792cc7-949e-4551-b3d2-9a76a3198949,Onion,6.25,21.5,0.85,51.0,reference_generated,reference_v1,960db350-9ee8-4235-9b3e-f185b67d7d69
9248da51-4252-4c42-b7a9-605f31718744,Onion,6.1,16.0,0.78,67.0,reference_generated,reference_v1,960db350-9ee8-4235-9b3e-f185b67d7d69
833170bf-4bf3-4a12-9f3f-76d5905cac5b,Onion,6.45,17.4,0.56,68.7,reference_generated,reference_v1,960db350-9ee8-4235-9b3e-f185b67d7d69
694e9472-ba31-48a2-87fe-d142967df7f5,Onion,6.77,24.0,1.06,70.1,reference_generated,reference_v1,960db350-9ee8-4235-9b3e-f185b67d7d69
ca8269d9-d90e-4e42-94b7-f403eba5205e,Onion,6.87,16.1,0.75,68.9,reference_generated,reference_v1,960db350-9ee8-4235-9b3e-f185b67d7d69
6e5b5f24-a906-44df-915c-e76c7b06c635,Onion,6.7,18.0,0.44,61.6,reference_generated,reference_v1,960db350-9ee8-4235-9b3e-f185b67d7d69
286e5002-3439-4ccf-9ee9-00b834f61971,Onion,6.28,19.6,0.71,63.7,reference_generated,reference_v1,960db350-9ee8-4235-9b3e-f185b67d7d69
19b24961-ea6b-4488-b453-785848b83023,Onion,6.78,14.3,0.42,57.5,reference_generated,reference_v1,960db350-9ee8-4235-9b3e-f185b67d7d69
54c59c9a-13b7-4744-b62f-41d0dde7450e,Onion,6.61,16.9,0.85,59.3,reference_generated,reference_v1,960db350-9ee8-4235-9b3e-f185b67d7d69
dd7b92aa-8f04-41eb-b73d-7b085c83c5e1,Onion,6.63,19.0,0.96,61.3,reference_generated,reference_v1,960db350-9ee8-4235-9b3e-f185b67d7d69
e686c62a-454e-447a-ab96-92be4949e34f,Onion,6.36,16.8,0.42,65.2,reference_generated,reference_v1,960db350-9ee8-4235-9b3e-f185b67d7d69
974a8591-7c19-46e3-8ca0-e405e872b443,Onion,6.25,13.3,0.21,52.2,reference_generated,reference_v1,960db350-9ee8-4235-9b3e-f185b67d7d69
e8c05bd7-522a-4c68-90e5-981656d5c95b,Onion,6.35,16.3,0.25,62.6,reference_generated,reference_v1,960db350-9ee8-4235-9b3e-f185b67d7d69
1498136d-d906-450a-a798-829968c69f05,Onion,6.14,20.0,1.03,65.4,reference_generated,reference_v1,960db350-9ee8-4235-9b3e-f185b67d7d69
7b76e405-1be9-4ffd-aff9-8bd888f1c04f,Onion,6.63,17.5,0.66,70.7,reference_generated,reference_v1,960db350-9ee8-4235-9b3e-f185b67d7d69
30508928-1054-49b5-a13b-371aabd95655,Onion,6.46,18.8,0.78,65.9,reference_generated,reference_v1,960db350-9ee8-4235-9b3e-f185b67d7d69
c2da5de8-eed0-4543-9ccf-774f936c8f69,Onion,6.56,19.6,0.55,55.2,reference_generated,reference_v1,960db350-9ee8-4235-9b3e-f185b67d7d69
8f005dac-dcd4-483a-a1b3-ecd16100d011,Onion,6.89,16.5,0.5,64.9,reference_generated,reference_v1,960db350-9ee8-4235-9b3e-f185b67d7d69
0e569059-5552-4f9d-8ee3-4a8e5e4ff019,Onion,6.22,18.3,0.26,66.4,reference_generated,reference_v1,960db350-9ee8-4235-9b3e-f185b67d7d69
fb65afe1-53ee-4354-9c6d-aaeabfd70fa1,Onion,6.08,17.0,0.98,63.6,reference_generated,reference_v1,960db350-9ee8-4235-9b3e-f185b67d7d69
8c493980-4066-4905-939a-c85923944cc2,Onion,6.65,15.3,0.35,62.3,reference_generated,reference_v1,960db350-9ee8-4235-9b3e-f185b67d7d69
10ee4501-cd69-4b5c-94fe-b859918d3b5a,Onion,6.43,19.2,0.7,66.0,reference_generated,reference_v1,960db350-9ee8-4235-9b3e-f185b67d7d69
6b375818-8a91-49ef-9b0f-dc2bee993157,Onion,6.52,15.4,1.06,65.8,reference_generated,reference_v1,960db350-9ee8-4235-9b3e-f185b67d7d69
cb00907f-68a3-4662-9a8c-451192f6627a,Onion,6.64,16.2,0.54,74.1,reference_generated,reference_v1,960db350-9ee8-4235-9b3e-f185b67d7d69
1dc0bb36-9b80-4369-b1e3-84d46b6c0ad4,Onion,6.95,21.6,0.39,71.0,reference_generated,reference_v1,960db350-9ee8-4235-9b3e-f185b67d7d69
4e6ffbcd-fc88-4bc0-86b7-68b6ff8bc775,Onion,6.74,16.6,0.91,65.3,reference_generated,reference_v1,960db350-9ee8-4235-9b3e-f185b67d7d69
5cfc0354-794a-4403-84c9-666faacb0f0d,Onion,6.42,13.9,0.49,62.3,reference_generated,reference_v1,960db350-9ee8-4235-9b3e-f185b67d7d69
318ead53-66c8-4d3c-9ec1-8b1cd339232a,Onion,6.32,20.1,0.39,54.1,reference_generated,reference_v1,960db350-9ee8-4235-9b3e-f185b67d7d69
dd151ce7-3a80-4991-a4a4-5043b3ec8780,Onion,6.46,18.4,0.37,64.3,reference_generated,reference_v1,960db350-9ee8-4235-9b3e-f185b67d7d69
bffc9a7e-5ad6-4300-8d57-972b4180d905,Onion,6.28,23.4,0.43,60.6,reference_generated,reference_v1,960db350-9ee8-4235-9b3e-f185b67d7d69
c87cb1ae-87e0-4871-b114-fca3b1f4efb5,Onion,6.76,18.5,0.25,68.5,reference_generated,reference_v1,960db350-9ee8-4235-9b3e-f185b67d7d69
021f6e0f-a6b2-49ab-bdb4-6c0cfe2772f0,Onion,6.87,19.3,0.18,57.4,reference_generated,reference_v1,960db350-9ee8-4235-9b3e-f185b67d7d69
b7067fdb-a8ff-4525-8d2b-3bb01535e843,Onion,6.94,17.7,0.23,65.4,reference_generated,reference_v1,960db350-9ee8-4235-9b3e-f185b67d7d69
f08f3474-0b0f-4103-aba9-6292a732e4a4,Onion,6.51,14.3,0.63,70.6,reference_generated,reference_v1,960db350-9ee8-4235-9b3e-f185b67d7d69
47e011c2-5835-43ca-a15a-8603089562fa,Onion,6.36,22.5,0.18,65.7,reference_generated,reference_v1,960db350-9ee8-4235-9b3e-f185b67d7d69
5741cb94-1363-49bf-8b4c-698c384018a7,Onion,6.6,17.1,0.18,66.9,reference_generated,reference_v1,960db350-9ee8-4235-9b3e-f185b67d7d69
9b747e64-5505-4588-9b95-b54d64ed7dac,Onion,6.43,20.4,0.58,67.9,reference_generated,reference_v1,960db350-9ee8-4235-9b3e-f185b67d7d69
ab09b5cd-3919-4a68-a902-79c4043091dd,Onion,6.17,19.2,0.84,73.0,reference_generated,reference_v1,960db350-9ee8-4235-9b3e-f185b67d7d69
3c507ccc-e3d3-4f2f-90f4-122407c0b4ce,Onion,6.55,22.0,0.58,61.8,reference_generated,reference_v1,960db350-9ee8-4235-9b3e-f185b67d7d69
c7248cc9-708d-4d7a-8f00-aae28c33ef36,Onion,6.28,19.9,0.59,55.1,reference_generated,reference_v1,960db350-9ee8-4235-9b3e-f185b67d7d69
0cc1eaca-56d0-4b26-9f23-74e07f6ca1c0,Onion,6.49,22.5,0.4,54.7,reference_generated,reference_v1,960db350-9ee8-4235-9b3e-f185b67d7d69
58060f19-4a28-4158-a860-dfa3bc305c86,Onion,6.49,19.2,0.64,54.3,reference_generated,reference_v1,960db350-9ee8-4235-9b3e-f185b67d7d69
d7e4432a-b362-43a7-8988-c256df307d86,Onion,6.86,19.1,0.7,59.0,reference_generated,reference_v1,960db350-9ee8-4235-9b3e-f185b67d7d69
7b0cdb1a-541c-4eb2-a931-9966125cb84b,Onion,6.76,14.7,0.81,66.3,reference_generated,reference_v1,960db350-9ee8-4235-9b3e-f185b67d7d69
55117e38-6e65-4d1c-ad4e-accb18eada9f,Onion,6.32,15.0,0.62,62.6,reference_generated,reference_v1,960db350-9ee8-4235-9b3e-f185b67d7d69
b7f1dc84-9a91-44cb-ab0e-8d6575e7419a,Onion,6.65,17.7,0.74,63.3,reference_generated,reference_v1,960db350-9ee8-4235-9b3e-f185b67d7d69
a6d86a66-d275-42ba-ae9f-1f48e8a8e557,Onion,6.75,15.3,0.15,61.3,reference_generated,reference_v1,960db350-9ee8-4235-9b3e-f185b67d7d69
c97511bf-f25d-419c-a102-1c14bc410b02,Onion,6.28,21.4,0.21,73.1,reference_generated,reference_v1,960db350-9ee8-4235-9b3e-f185b67d7d69
eca05b4e-da48-420e-bf16-78ab700e83a2,Onion,6.55,15.5,0.73,65.0,reference_generated,reference_v1,960db350-9ee8-4235-9b3e-f185b67d7d69
b30eee12-6e83-4572-9844-c1de0988aa62,Onion,6.33,23.3,0.54,69.4,reference_generated,reference_v1,960db350-9ee8-4235-9b3e-f185b67d7d69
e9e1b756-4065-4ee7-9ec3-a77f3ef906c3,Onion,6.5,16.2,0.81,63.0,reference_generated,reference_v1,960db350-9ee8-4235-9b3e-f185b67d7d69
506b4a53-bddb-4956-be1c-8daa2138d147,Onion,6.65,18.0,0.35,65.1,reference_generated,reference_v1,960db350-9ee8-4235-9b3e-f185b67d7d69
292634ca-0507-4501-9190-f382521a876f,Onion,6.76,13.5,0.69,62.7,reference_generated,reference_v1,960db350-9ee8-4235-9b3e-f185b67d7d69
a3b78bd9-31c1-49bd-becd-5729f03c9236,Onion,6.94,19.9,1.0,53.7,reference_generated,reference_v1,960db350-9ee8-4235-9b3e-f185b67d7d69
df65febf-a401-42e7-bc26-ef3bbf2b62de,Onion,6.81,16.1,0.63,62.2,reference_generated,reference_v1,960db350-9ee8-4235-9b3e-f185b67d7d69
df9ccf26-39d6-4c4e-80b5-5bd842d57e18,Onion,6.81,18.2,0.78,60.5,reference_generated,reference_v1,960db350-9ee8-4235-9b3e-f185b67d7d69
20af08eb-969a-4b82-8164-13c74d8fae55,Onion,6.52,13.8,0.66,61.7,reference_generated,reference_v1,960db350-9ee8-4235-9b3e-f185b67d7d69
e70438c8-47bc-4c51-82ce-3266e93aceff,Onion,6.27,16.6,0.36,59.5,reference_generated,reference_v1,960db350-9ee8-4235-9b3e-f185b67d7d69
eb282c7b-f9ea-422d-b7a9-4da2c541f84c,Onion,6.13,19.8,0.57,55.7,reference_generated,reference_v1,960db350-9ee8-4235-9b3e-f185b67d7d69
9f7e254b-7429-45ed-b677-5d5e4921bb71,Onion,6.78,18.3,0.26,57.1,reference_generated,reference_v1,960db350-9ee8-4235-9b3e-f185b67d7d69
74bc4208-44be-455d-a2b2-57f3416a9c15,Onion,6.74,13.9,1.09,55.1,reference_generated,reference_v1,960db350-9ee8-4235-9b3e-f185b67d7d69
93025127-b3b4-491b-bba9-f60035c6dd1f,Onion,6.69,18.6,0.81,60.2,reference_generated,reference_v1,960db350-9ee8-4235-9b3e-f185b67d7d69
ff6b05ba-3e78-4392-b4e2-44694916421a,Onion,6.81,18.8,0.74,50.6,reference_generated,reference_v1,960db350-9ee8-4235-9b3e-f185b67d7d69
2e7ef964-6b7c-431f-94a3-8048c1ba81ef,Onion,6.52,15.7,0.66,59.1,reference_generated,reference_v1,960db350-9ee8-4235-9b3e-f185b67d7d69
3059f43f-3dc1-4f05-9c95-e562e61dfb42,Onion,6.58,19.3,1.09,66.6,reference_generated,reference_v1,960db350-9ee8-4235-9b3e-f185b67d7d69
05c466fe-1662-4ed3-b229-aadf389304fa,Onion,6.8,19.1,0.16,64.4,reference_generated,reference_v1,960db350-9ee8-4235-9b3e-f185b67d7d69
05c9fc7c-8975-4a6e-a5e9-ff97feb31020,Onion,6.66,21.8,0.3,63.0,reference_generated,reference_v1,960db350-9ee8-4235-9b3e-f185b67d7d69
8f2df3c8-4681-449c-9c1c-1ff344f9c5ea,Onion,6.83,16.8,0.93,61.0,reference_generated,reference_v1,960db350-9ee8-4235-9b3e-f185b67d7d69
d74faeae-e010-4be7-8718-03a1636a344c,Onion,6.27,19.8,0.82,66.1,reference_generated,reference_v1,960db350-9ee8-4235-9b3e-f185b67d7d69
5cd1e232-88c6-4779-acf6-c12ec91ed581,Onion,6.71,19.9,0.59,70.6,reference_generated,reference_v1,960db350-9ee8-4235-9b3e-f185b67d7d69
4d2048f4-274d-497d-8e52-877f380b0ade,Onion,6.34,15.0,1.04,52.9,reference_generated,reference_v1,960db350-9ee8-4235-9b3e-f185b67d7d69
240d0e23-8394-4c22-b887-1f60bf7800dd,Onion,6.73,20.2,0.76,60.2,reference_generated,reference_v1,960db350-9ee8-4235-9b3e-f185b67d7d69
b7875cbb-85c7-4671-8d79-1f5a245aa304,Onion,6.49,17.7,1.13,64.3,reference_generated,reference_v1,960db350-9ee8-4235-9b3e-f185b67d7d69
97fc00d8-57d6-4c7d-996e-838796fff1ce,Onion,6.82,13.4,0.96,59.9,reference_generated,reference_v1,960db350-9ee8-4235-9b3e-f185b67d7d69
a933c48d-bd02-4111-8104-a8dc78e43f20,Onion,6.26,13.5,0.73,55.2,reference_generated,reference_v1,960db350-9ee8-4235-9b3e-f185b67d7d69
0075d282-47fe-4b93-b2dd-1a7690da3285,Onion,6.32,18.7,0.53,61.2,reference_generated,reference_v1,960db350-9ee8-4235-9b3e-f185b67d7d69
69259f0b-f237-42ea-b70c-2053a81ad87f,Onion,6.7,20.0,0.89,65.9,reference_generated,reference_v1,960db350-9ee8-4235-9b3e-f185b67d7d69
2cfd4a07-7b74-447f-bd64-48664e76284a,Onion,6.27,20.0,0.52,73.2,reference_generated,reference_v1,960db350-9ee8-4235-9b3e-f185b67d7d69
8730ccf0-884c-42c0-b0e2-31bc332beaff,Onion,6.48,21.0,0.48,69.0,reference_generated,reference_v1,960db350-9ee8-4235-9b3e-f185b67d7d69
7444be57-4309-4e03-a16b-cf1a36fe02ae,Onion,6.68,18.5,0.6,64.6,reference_generated,reference_v1,960db350-9ee8-4235-9b3e-f185b67d7d69
e43260bd-05a8-4475-b91e-9b990d9dde7f,Onion,6.49,16.7,0.95,62.9,reference_generated,reference_v1,960db350-9ee8-4235-9b3e-f185b67d7d69
195666f3-4781-4986-bb26-2a9a3245e8b9,Onion,6.71,22.0,0.76,69.3,reference_generated,reference_v1,960db350-9ee8-4235-9b3e-f185b67d7d69
38b3c04c-38ea-4512-a7ec-0e2b3100ae0a,Onion,6.85,22.8,0.82,64.8,reference_generated,reference_v1,960db350-9ee8-4235-9b3e-f185b67d7d69
556a950e-72fd-4a02-b8cb-210238e20e1b,Onion,6.61,19.1,0.8,65.2,reference_generated,reference_v1,960db350-9ee8-4235-9b3e-f185b67d7d69
033c95b7-9810-4b1f-b21f-0d7c2acff1ce,Onion,6.2,21.3,0.94,57.5,reference_generated,reference_v1,960db350-9ee8-4235-9b3e-f185b67d7d69
f91caf7c-05a3-4f99-a1a6-09a13c6a6c17,Onion,6.4,21.5,0.59,57.2,reference_generated,reference_v1,960db350-9ee8-4235-9b3e-f185b67d7d69
0d43f683-cf6a-4acb-a176-3b5844dafc5c,Onion,6.39,19.8,0.81,62.6,reference_generated,reference_v1,960db350-9ee8-4235-9b3e-f185b67d7d69
853e0e21-5f3a-4640-a1f0-2fb3fa03a634,Onion,6.68,23.1,0.7,53.4,reference_generated,reference_v1,960db350-9ee8-4235-9b3e-f185b67d7d69
25a09a8c-fb4a-4161-a770-fe11ea8254fa,Onion,6.33,18.0,0.87,57.7,reference_generated,reference_v1,960db350-9ee8-4235-9b3e-f185b67d7d69
f8b7b4b6-851f-4c21-9f9e-5ae3eef284ee,Onion,6.07,16.0,0.61,65.3,reference_generated,reference_v1,960db350-9ee8-4235-9b3e-f185b67d7d69
e2d71121-64c7-4bf9-82c6-9a08cdedc867,Onion,6.83,21.8,0.53,63.5,reference_generated,reference_v1,960db350-9ee8-4235-9b3e-f185b67d7d69
32bd6ef1-d1f1-499c-b7ca-583613478f9d,Onion,6.38,15.6,0.27,61.3,reference_generated,reference_v1,960db350-9ee8-4235-9b3e-f185b67d7d69
a55bf7b6-a911-4844-be0b-9130b46e9c2b,Onion,6.57,20.3,0.5,51.0,reference_generated,reference_v1,960db350-9ee8-4235-9b3e-f185b67d7d69
c63c8e81-8199-454d-8b72-a06f5cceaa19,Onion,6.63,13.9,0.46,61.2,reference_generated,reference_v1,960db350-9ee8-4235-9b3e-f185b67d7d69
63080ac4-1a12-4eb7-85da-7effcbdaf847,Onion,6.39,21.9,0.71,71.1,reference_generated,reference_v1,960db350-9ee8-4235-9b3e-f185b67d7d69
26d40046-fe43-41da-bf47-15b20c9dc382,Onion,6.37,13.7,0.25,67.7,reference_generated,reference_v1,960db350-9ee8-4235-9b3e-f185b67d7d69
30f61e8e-73c0-4aa5-ae64-f0cf89815195,Onion,6.72,23.1,0.26,54.6,reference_generated,reference_v1,960db350-9ee8-4235-9b3e-f185b67d7d69
e52091fe-9959-4124-8a1c-69c00beddc29,Onion,6.33,21.7,0.45,72.8,reference_generated,reference_v1,960db350-9ee8-4235-9b3e-f185b67d7d69
4e4d59fc-1b9c-40e4-8b5d-9efbe5829a75,Onion,6.33,16.0,1.05,59.3,reference_generated,reference_v1,960db350-9ee8-4235-9b3e-f185b67d7d69
